{
  "gemini-2.0-flash-thinking": {
    "no_mental_model": 0.9625,
    "one_mental_model": 0.9635119047619047,
    "two_mental_models": 0.9775,
    "think_hard_prompt": 0.9466666666666667
  },
  "gemini-2.0-flash": {
    "no_mental_model": 0.9775,
    "one_mental_model": 0.9789285714285715,
    "two_mental_models": 0.89,
    "think_hard_prompt": 0.99
  },
  "gpt-4o": {
    "no_mental_model": 0.9875,
    "one_mental_model": 0.9676785714285714,
    "two_mental_models": 0.9745238095238096,
    "think_hard_prompt": 0.9541666666666666
  },
  "o3-mini": {
    "no_mental_model": 0.975,
    "one_mental_model": 0.9461904761904762,
    "two_mental_models": 0.9745238095238096,
    "think_hard_prompt": 0.9703571428571429
  }
}