{
  "gpt-4o": {
    "no_mental_model": 0.6403163522481918,
    "one_mental_model": 0.6339774653315544,
    "two_mental_models": 0.6361956179141999,
    "think_hard_prompt": 0.6357069581747055
  },
  "gemini-2.0-flash-thinking": {
    "no_mental_model": 0.6261573255062103,
    "one_mental_model": 0.6190178617835045,
    "two_mental_models": 0.6221288293600082,
    "think_hard_prompt": 0.6253851294517517
  },
  "gemini-2.0-flash": {
    "no_mental_model": 0.6383756577968598,
    "one_mental_model": 0.6256840661168098,
    "two_mental_models": 0.620723643898964,
    "think_hard_prompt": 0.635630202293396
  },
  "o3-mini": {
    "no_mental_model": 0.6461012721061706,
    "one_mental_model": 0.6363880947232247,
    "two_mental_models": 0.6351559728384018,
    "think_hard_prompt": 0.6442719906568527
  }
}