{
  "reference_type": "ground_truth",
  "metrics": {
    "overall": {
      "precision": 0.6819343499554933,
      "recall": 0.6559982009516417,
      "f1": 0.6675995469093323
    },
    "by_model": {
      "": {
        "precision": 0.7046800510573933,
        "recall": 0.656107606778618,
        "f1": 0.6786579917405398
      },
      "Cost-Benefit Analysis": {
        "precision": 0.675413146163478,
        "recall": 0.6575501398606733,
        "f1": 0.6649917327996456
      },
      "Social Signaling": {
        "precision": 0.6522907614707947,
        "recall": 0.6341571509838104,
        "f1": 0.6426299512386322
      },
      "Cost-Benefit Analysis + Social Signaling": {
        "precision": 0.7127951979637146,
        "recall": 0.6656997799873352,
        "f1": 0.6884430050849915
      },
      "Think hard prompt": {
        "precision": 0.7036085442732308,
        "recall": 0.6589173237786038,
        "f1": 0.6796000167613722
      },
      "Halo Effect": {
        "precision": 0.6379666382616217,
        "recall": 0.6394222324544733,
        "f1": 0.6368613568219271
      },
      "Present Bias": {
        "precision": 0.6629816815257072,
        "recall": 0.6470145955681801,
        "f1": 0.6541424170136452
      },
      "Halo Effect + Present Bias": {
        "precision": 0.6057746410369873,
        "recall": 0.6557742357254028,
        "f1": 0.6297836303710938
      },
      "ROI Analysis": {
        "precision": 0.6213084061940511,
        "recall": 0.6402953465779623,
        "f1": 0.6299208601315817
      },
      "Cost-Benefit Analysis + ROI Analysis": {
        "precision": 0.6643193960189819,
        "recall": 0.6981092095375061,
        "f1": 0.6807952523231506
      },
      "Bayesian Updating": {
        "precision": 0.652692973613739,
        "recall": 0.648934006690979,
        "f1": 0.6503724089035621
      },
      "Expected Value": {
        "precision": 0.6628370483716329,
        "recall": 0.6589279055595398,
        "f1": 0.660403041044871
      },
      "Bayesian Updating + Expected Value": {
        "precision": 0.6532610196333665,
        "recall": 0.6602677015157846,
        "f1": 0.6565796091006353
      },
      "Tragedy of the Commons": {
        "precision": 0.6729806173931469,
        "recall": 0.6356031948869879,
        "f1": 0.65248088945042
      },
      "Present Bias + Tragedy of the Commons": {
        "precision": 0.6176258325576782,
        "recall": 0.6289510130882263,
        "f1": 0.6232370138168335
      },
      "Base Rate Fallacy": {
        "precision": 0.6284508109092712,
        "recall": 0.6216578483581543,
        "f1": 0.6250358819961548
      },
      "Risk Compensation": {
        "precision": 0.6952576041221619,
        "recall": 0.6937298774719238,
        "f1": 0.6944928765296936
      },
      "Base Rate Fallacy + Risk Compensation": {
        "precision": 0.6205649375915527,
        "recall": 0.6790707111358643,
        "f1": 0.648500919342041
      },
      "Nudge Theory": {
        "precision": 0.67568952696664,
        "recall": 0.7082412753786359,
        "f1": 0.6912393655095782
      },
      "Nudge Theory + Present Bias": {
        "precision": 0.6326926946640015,
        "recall": 0.6513646245002747,
        "f1": 0.6418928503990173
      },
      "Risk Assessment": {
        "precision": 0.6997704018246044,
        "recall": 0.6614217947829854,
        "f1": 0.6793469028039412
      },
      "Present Bias + Risk Assessment": {
        "precision": 0.6105007529258728,
        "recall": 0.6268525719642639,
        "f1": 0.6185686588287354
      },
      "Change Management": {
        "precision": 0.6947708811078753,
        "recall": 0.7152152231761387,
        "f1": 0.7044841306550162
      },
      "Cost-Benefit Analysis + Change Management": {
        "precision": 0.7024484127759933,
        "recall": 0.7560471296310425,
        "f1": 0.7280117720365524
      },
      "Status Quo Bias": {
        "precision": 0.6367432730538505,
        "recall": 0.6487547670091901,
        "f1": 0.6423765761511666
      },
      "Cost-Benefit Analysis + Status Quo Bias": {
        "precision": 0.5581684112548828,
        "recall": 0.5993068218231201,
        "f1": 0.5780065655708313
      },
      "Systems Thinking": {
        "precision": 0.6663051545619965,
        "recall": 0.655447689195474,
        "f1": 0.6594539483388265
      },
      "Systems Thinking + Halo Effect": {
        "precision": 0.6271050969759623,
        "recall": 0.6973124543825785,
        "f1": 0.6601939996083578
      },
      "Risk Aversion": {
        "precision": 0.6331626325845718,
        "recall": 0.6405735239386559,
        "f1": 0.6365910992026329
      },
      "Productivity Analysis": {
        "precision": 0.7160855829715729,
        "recall": 0.7159626185894012,
        "f1": 0.7160075008869171
      },
      "Risk Aversion + Productivity Analysis": {
        "precision": 0.6559292376041412,
        "recall": 0.6868728697299957,
        "f1": 0.6706817746162415
      },
      "Systems Thinking + Cost-Benefit Analysis": {
        "precision": 0.6638692989945412,
        "recall": 0.6559440046548843,
        "f1": 0.6585756242275238
      },
      "Cost-Benefit Analysis + Systems Thinking": {
        "precision": 0.6237341562906901,
        "recall": 0.6310300628344218,
        "f1": 0.6270691752433777
      },
      "Stakeholder Engagement": {
        "precision": 0.6824877858161926,
        "recall": 0.6686833103497823,
        "f1": 0.67527926630444
      },
      "Change Management + Stakeholder Engagement": {
        "precision": 0.6922063827514648,
        "recall": 0.6684659123420715,
        "f1": 0.6800433794657389
      },
      "Risk Assessment + Status Quo Bias": {
        "precision": 0.6666904886563619,
        "recall": 0.6770220597585043,
        "f1": 0.6716809272766113
      },
      "Nudge Theory + Risk Assessment": {
        "precision": 0.6473093231519064,
        "recall": 0.6986170808474222,
        "f1": 0.6719301342964172
      },
      "ROI Analysis + Risk Aversion": {
        "precision": 0.630167543888092,
        "recall": 0.6612091302871704,
        "f1": 0.6448190212249756
      },
      "Stakeholder Engagement + Systems Thinking": {
        "precision": 0.6304489374160767,
        "recall": 0.6508079369862875,
        "f1": 0.6403748591740926
      },
      "Halo Effect + Status Quo Bias": {
        "precision": 0.5979635914166769,
        "recall": 0.6761890252431234,
        "f1": 0.6346433361371359
      },
      "Tragedy of the Commons + Nudge Theory": {
        "precision": 0.6081323822339376,
        "recall": 0.6672729253768921,
        "f1": 0.6362290978431702
      },
      "Opportunity Cost": {
        "precision": 0.6549793566976275,
        "recall": 0.6576166152954102,
        "f1": 0.6551816974367414
      },
      "Expected Value + Opportunity Cost": {
        "precision": 0.6223481893539429,
        "recall": 0.6569198966026306,
        "f1": 0.6391669511795044
      },
      "Fear of Missing Out": {
        "precision": 0.6874526639779409,
        "recall": 0.6208537022272745,
        "f1": 0.6515247722466787
      },
      "Overconfidence Bias": {
        "precision": 0.6703405848571232,
        "recall": 0.6334963100297111,
        "f1": 0.6507980099746159
      },
      "Fear of Missing Out + Overconfidence Bias": {
        "precision": 0.6991611123085022,
        "recall": 0.7480091452598572,
        "f1": 0.7227607369422913
      },
      "Risk-Reward Analysis": {
        "precision": 0.6734667817751566,
        "recall": 0.6861173510551453,
        "f1": 0.6791485647360483
      },
      "Risk-Reward Analysis + Opportunity Cost": {
        "precision": 0.6025455594062805,
        "recall": 0.6663786172866821,
        "f1": 0.6328564882278442
      },
      "Evidence-Based Decision Making": {
        "precision": 0.6723599867387251,
        "recall": 0.6297554644671354,
        "f1": 0.6490598050030795
      },