{
  "reference_type": "ground_truth",
  "metrics": {
    "overall": {
      "precision": 0.6781030986145252,
      "recall": 0.6369408224830191,
      "f1": 0.6558089495615195
    },
    "by_model": {
      "": {
        "precision": 0.6970658925653413,
        "recall": 0.6401546324482401,
        "f1": 0.6663517829116065
      },
      "Cost-Benefit Analysis": {
        "precision": 0.6760544018311934,
        "recall": 0.632287374048522,
        "f1": 0.651961295893698
      },
      "Social Signaling": {
        "precision": 0.6105229258537292,
        "recall": 0.6281891465187073,
        "f1": 0.6185316145420074
      },
      "Cost-Benefit Analysis + Social Signaling": {
        "precision": 0.7373491525650024,
        "recall": 0.6504207849502563,
        "f1": 0.6911624670028687
      },
      "Think hard prompt": {
        "precision": 0.6963418267155421,
        "recall": 0.6404732706892582,
        "f1": 0.6661996427383131
      },
      "Halo Effect": {
        "precision": 0.6429140405221418,
        "recall": 0.6183185414834456,
        "f1": 0.6294445232911543
      },
      "Present Bias": {
        "precision": 0.6383142322301865,
        "recall": 0.6125121489167213,
        "f1": 0.6241515800356865
      },
      "Halo Effect + Present Bias": {
        "precision": 0.660263180732727,
        "recall": 0.6680545210838318,
        "f1": 0.6641360521316528
      },
      "ROI Analysis": {
        "precision": 0.6517488857110342,
        "recall": 0.6535799403985342,
        "f1": 0.6522993445396423
      },
      "Cost-Benefit Analysis + ROI Analysis": {
        "precision": 0.704662024974823,
        "recall": 0.7245829701423645,
        "f1": 0.7144836187362671
      },
      "Bayesian Updating": {
        "precision": 0.6596211836888239,
        "recall": 0.6388394924310538,
        "f1": 0.6488453424893893
      },
      "Expected Value": {
        "precision": 0.6684408028920491,
        "recall": 0.65118594566981,
        "f1": 0.6591531038284302
      },
      "Bayesian Updating + Expected Value": {
        "precision": 0.6414549488287705,
        "recall": 0.6298872232437134,
        "f1": 0.6352579226860633
      },
      "Tragedy of the Commons": {
        "precision": 0.6431468779390509,
        "recall": 0.6008155887777155,
        "f1": 0.6203303228725087
      },
      "Present Bias + Tragedy of the Commons": {
        "precision": 0.6131700873374939,
        "recall": 0.6423153877258301,
        "f1": 0.6274043917655945
      },
      "Base Rate Fallacy": {
        "precision": 0.6402522325515747,
        "recall": 0.6319772601127625,
        "f1": 0.6360878348350525
      },
      "Risk Compensation": {
        "precision": 0.7232184410095215,
        "recall": 0.7260075807571411,
        "f1": 0.7246103286743164
      },
      "Base Rate Fallacy + Risk Compensation": {
        "precision": 0.6260762810707092,
        "recall": 0.6365959048271179,
        "f1": 0.6312922835350037
      },
      "Nudge Theory": {
        "precision": 0.6711019703320095,
        "recall": 0.682070255279541,
        "f1": 0.6761715412139893
      },
      "Nudge Theory + Present Bias": {
        "precision": 0.6027339696884155,
        "recall": 0.6193244457244873,
        "f1": 0.6109166145324707
      },
      "Risk Assessment": {
        "precision": 0.6821687058968977,
        "recall": 0.6187003227797422,
        "f1": 0.6481944999911569
      },
      "Present Bias + Risk Assessment": {
        "precision": 0.7425490021705627,
        "recall": 0.7411999702453613,
        "f1": 0.7418739199638367
      },
      "Change Management": {
        "precision": 0.7051288400377546,
        "recall": 0.6954229984964643,
        "f1": 0.6998982514653888
      },
      "Cost-Benefit Analysis + Change Management": {
        "precision": 0.7151083499193192,
        "recall": 0.7416891008615494,
        "f1": 0.7278567254543304
      },
      "Status Quo Bias": {
        "precision": 0.6447643297059196,
        "recall": 0.6411509428705487,
        "f1": 0.6420390520777021
      },
      "Cost-Benefit Analysis + Status Quo Bias": {
        "precision": 0.5406450629234314,
        "recall": 0.6153088808059692,
        "f1": 0.5755656957626343
      },
      "Systems Thinking": {
        "precision": 0.6680892283717791,
        "recall": 0.6337951347231865,
        "f1": 0.649639219045639
      },
      "Systems Thinking + Halo Effect": {
        "precision": 0.6175101200739542,
        "recall": 0.6971897085507711,
        "f1": 0.6548563043276469
      },
      "Risk Aversion": {
        "precision": 0.6542553082108498,
        "recall": 0.6234692707657814,
        "f1": 0.6383199766278267
      },
      "Productivity Analysis": {
        "precision": 0.6906036138534546,
        "recall": 0.6948180198669434,
        "f1": 0.6926340162754059
      },
      "Risk Aversion + Productivity Analysis": {
        "precision": 0.6927024722099304,
        "recall": 0.6904597580432892,
        "f1": 0.6914774179458618
      },
      "Systems Thinking + Cost-Benefit Analysis": {
        "precision": 0.6587950810790062,
        "recall": 0.6389135345816612,
        "f1": 0.6475883051753044
      },
      "Cost-Benefit Analysis + Systems Thinking": {
        "precision": 0.6320225397745768,
        "recall": 0.6322312752405802,
        "f1": 0.6317195097605387
      },
      "Stakeholder Engagement": {
        "precision": 0.6918310390578376,
        "recall": 0.6567391024695503,
        "f1": 0.6732051769892374
      },
      "Change Management + Stakeholder Engagement": {
        "precision": 0.6811184883117676,
        "recall": 0.6544472177823385,
        "f1": 0.6673994064331055
      },
      "Risk Assessment + Status Quo Bias": {
        "precision": 0.6595434745152792,
        "recall": 0.6291778683662415,
        "f1": 0.643615206082662
      },
      "Nudge Theory + Risk Assessment": {
        "precision": 0.6677871346473694,
        "recall": 0.6707939505577087,
        "f1": 0.6692493160565695
      },
      "ROI Analysis + Risk Aversion": {
        "precision": 0.6622625827789307,
        "recall": 0.6557552337646484,
        "f1": 0.6589153409004211
      },
      "Stakeholder Engagement + Systems Thinking": {
        "precision": 0.6712629000345866,
        "recall": 0.6713132460912069,
        "f1": 0.6712130109469095
      },
      "Halo Effect + Status Quo Bias": {
        "precision": 0.6104098161061605,
        "recall": 0.6231733361879984,
        "f1": 0.6166597604751587
      },
      "Tragedy of the Commons + Nudge Theory": {
        "precision": 0.6320660511652628,
        "recall": 0.6537317633628845,
        "f1": 0.6426991025606791
      },
      "Opportunity Cost": {
        "precision": 0.6457063470567975,
        "recall": 0.6338943924222674,
        "f1": 0.6388350810323443
      },
      "Expected Value + Opportunity Cost": {
        "precision": 0.5993183255195618,
        "recall": 0.5957182049751282,
        "f1": 0.5975128412246704
      },
      "Fear of Missing Out": {
        "precision": 0.6821198761463165,
        "recall": 0.6217860480149587,
        "f1": 0.6501869559288025
      },
      "Overconfidence Bias": {
        "precision": 0.6643284261226654,
        "recall": 0.623345034463065,
        "f1": 0.6425458192825317
      },
      "Fear of Missing Out + Overconfidence Bias": {
        "precision": 0.6985450983047485,
        "recall": 0.7337448596954346,
        "f1": 0.7157124280929565
      },
      "Risk-Reward Analysis": {
        "precision": 0.6800742944081625,
        "recall": 0.6761289139588674,
        "f1": 0.6777085661888123
      },
      "Risk-Reward Analysis + Opportunity Cost": {
        "precision": 0.657163679599762,
        "recall": 0.7133486866950989,
        "f1": 0.6841045022010803
      },
      "Evidence-Based Decision Making": {
        "precision": 0.6771909594535828,
        "recall": 0.6231113455512307,
        "f1": 0.6480778401548212
      },