{
  "reference_type": "ground_truth",
  "metrics": {
    "overall": {
      "precision": 0.6489126808315743,
      "recall": 0.6074572759275217,
      "f1": 0.6255857805259355
    },
    "by_model": {
      "": {
        "precision": 0.6624689179522391,
        "recall": 0.6149184828951159,
        "f1": 0.636130828666323
      },
      "Cost-Benefit Analysis": {
        "precision": 0.6520864087523837,
        "recall": 0.6036388350255562,
        "f1": 0.6250397689414747
      },
      "Social Signaling": {
        "precision": 0.6171069145202637,
        "recall": 0.59361532330513,
        "f1": 0.603063702583313
      },
      "Cost-Benefit Analysis + Social Signaling": {
        "precision": 0.6212649345397949,
        "recall": 0.6311525106430054,
        "f1": 0.6261696815490723
      },
      "Think hard prompt": {
        "precision": 0.6643861846159432,
        "recall": 0.6083861803280488,
        "f1": 0.6325272744848528
      },
      "Halo Effect": {
        "precision": 0.626201949336312,
        "recall": 0.6044157851826061,
        "f1": 0.6138142726638101
      },
      "Present Bias": {
        "precision": 0.6396097540855408,
        "recall": 0.6091287583112717,
        "f1": 0.621778778731823
      },
      "Halo Effect + Present Bias": {
        "precision": 0.5828547477722168,
        "recall": 0.653098464012146,
        "f1": 0.6159805059432983
      },
      "ROI Analysis": {
        "precision": 0.5911558568477631,
        "recall": 0.6039765874544779,
        "f1": 0.597081740697225
      },
      "Cost-Benefit Analysis + ROI Analysis": {
        "precision": 0.5641745328903198,
        "recall": 0.6332798600196838,
        "f1": 0.5967331528663635
      },
      "Bayesian Updating": {
        "precision": 0.5616115033626556,
        "recall": 0.5779641041388879,
        "f1": 0.568580334003155
      },
      "Expected Value": {
        "precision": 0.6287676533063252,
        "recall": 0.6217403968175252,
        "f1": 0.6242771744728088
      },
      "Bayesian Updating + Expected Value": {
        "precision": 0.57423918063824,
        "recall": 0.5874595435766073,
        "f1": 0.578887762931677
      },
      "Tragedy of the Commons": {
        "precision": 0.6216936599124562,
        "recall": 0.5878513347018849,
        "f1": 0.6018397835167971
      },
      "Present Bias + Tragedy of the Commons": {
        "precision": 0.6238440275192261,
        "recall": 0.6328798532485962,
        "f1": 0.6283294558525085
      },
      "Base Rate Fallacy": {
        "precision": 0.7382053136825562,
        "recall": 0.7521215677261353,
        "f1": 0.7450984716415405
      },
      "Risk Compensation": {
        "precision": 0.6457626819610596,
        "recall": 0.6914925575256348,
        "f1": 0.6678457260131836
      },
      "Base Rate Fallacy + Risk Compensation": {
        "precision": 0.6707457900047302,
        "recall": 0.6728931069374084,
        "f1": 0.6718177199363708
      },
      "Nudge Theory": {
        "precision": 0.6305878162384033,
        "recall": 0.6277873686381749,
        "f1": 0.6281097531318665
      },
      "Nudge Theory + Present Bias": {
        "precision": 0.4644067883491516,
        "recall": 0.5771834254264832,
        "f1": 0.5146897435188293
      },
      "Risk Assessment": {
        "precision": 0.6404343870553103,
        "recall": 0.581297445026311,
        "f1": 0.6079242771322076
      },
      "Present Bias + Risk Assessment": {
        "precision": 0.657073438167572,
        "recall": 0.730119526386261,
        "f1": 0.6916732788085938
      },
      "Change Management": {
        "precision": 0.66315039566585,
        "recall": 0.6612704311098371,
        "f1": 0.6615447998046875
      },
      "Cost-Benefit Analysis + Change Management": {
        "precision": 0.6484277993440628,
        "recall": 0.6615114510059357,
        "f1": 0.6544608473777771
      },
      "Status Quo Bias": {
        "precision": 0.6254217965262276,
        "recall": 0.6134841016360691,
        "f1": 0.6169623817716327
      },
      "Cost-Benefit Analysis + Status Quo Bias": {
        "precision": 0.5465350151062012,
        "recall": 0.572590708732605,
        "f1": 0.5592595338821411
      },
      "Systems Thinking": {
        "precision": 0.6520533735553423,
        "recall": 0.6053078100085258,
        "f1": 0.6256551742553711
      },
      "Systems Thinking + Halo Effect": {
        "precision": 0.6703480879465739,
        "recall": 0.6863354047139486,
        "f1": 0.6780985991160074
      },
      "Risk Aversion": {
        "precision": 0.6263679191470146,
        "recall": 0.6029220521450043,
        "f1": 0.6138996928930283
      },
      "Productivity Analysis": {
        "precision": 0.61791130900383,
        "recall": 0.5978403985500336,
        "f1": 0.6061690747737885
      },
      "Risk Aversion + Productivity Analysis": {
        "precision": 0.6241539120674133,
        "recall": 0.5940410196781158,
        "f1": 0.6084893047809601
      },
      "Systems Thinking + Cost-Benefit Analysis": {
        "precision": 0.6555578857660294,
        "recall": 0.628612294793129,
        "f1": 0.6408250331878662
      },
      "Cost-Benefit Analysis + Systems Thinking": {
        "precision": 0.6318544348080953,
        "recall": 0.5812977155049642,
        "f1": 0.6053917407989502
      },
      "Stakeholder Engagement": {
        "precision": 0.634717497560713,
        "recall": 0.6221167180273268,
        "f1": 0.6277570592032539
      },
      "Change Management + Stakeholder Engagement": {
        "precision": 0.6273669600486755,
        "recall": 0.6138227780659994,
        "f1": 0.620304803053538
      },
      "Risk Assessment + Status Quo Bias": {
        "precision": 0.6410222848256429,
        "recall": 0.5993241866429647,
        "f1": 0.619468092918396
      },
      "Nudge Theory + Risk Assessment": {
        "precision": 0.6146565477053324,
        "recall": 0.6084918181101481,
        "f1": 0.6113783518473307
      },
      "ROI Analysis + Risk Aversion": {
        "precision": 0.6442554354667663,
        "recall": 0.644884979724884,
        "f1": 0.6431459665298462
      },
      "Stakeholder Engagement + Systems Thinking": {
        "precision": 0.6347571015357971,
        "recall": 0.6279800335566202,
        "f1": 0.6313011248906454
      },
      "Halo Effect + Status Quo Bias": {
        "precision": 0.5604023734728495,
        "recall": 0.5788567860921224,
        "f1": 0.5690842270851135
      },
      "Tragedy of the Commons + Nudge Theory": {
        "precision": 0.5610464910666147,
        "recall": 0.6304302414258321,
        "f1": 0.5903982917467753
      },
      "Opportunity Cost": {
        "precision": 0.6686553699629647,
        "recall": 0.6340739216123309,
        "f1": 0.6505834545407977
      },
      "Expected Value + Opportunity Cost": {
        "precision": 0.6074128150939941,
        "recall": 0.6224879622459412,
        "f1": 0.6148579716682434
      },
      "Fear of Missing Out": {
        "precision": 0.6612721880276998,
        "recall": 0.5853741765022278,
        "f1": 0.620075652996699
      },
      "Overconfidence Bias": {
        "precision": 0.6670648838792529,
        "recall": 0.5920918605157307,
        "f1": 0.6265989116259983
      },
      "Fear of Missing Out + Overconfidence Bias": {
        "precision": 0.6657494306564331,
        "recall": 0.6841979622840881,
        "f1": 0.6748476028442383
      },
      "Risk-Reward Analysis": {
        "precision": 0.6382116476694742,
        "recall": 0.6046531101067861,
        "f1": 0.6193961699803671
      },
      "Risk-Reward Analysis + Opportunity Cost": {
        "precision": 0.5999057292938232,
        "recall": 0.6909459233283997,
        "f1": 0.6422154307365417
      },
      "Evidence-Based Decision Making": {
        "precision": 0.6715092929926786,
        "recall": 0.5864466212012551,
        "f1": 0.6249975074421276
      },