{
  "reference_type": "ground_truth",
  "metrics": {
    "overall": {
      "precision": 0.6817904758089371,
      "recall": 0.6538546479385318,
      "f1": 0.6663914498482042
    },
    "by_model": {
      "": {
        "precision": 0.7008185973604217,
        "recall": 0.6565497217287544,
        "f1": 0.6769638225322462
      },
      "Cost-Benefit Analysis": {
        "precision": 0.6821066213376594,
        "recall": 0.6568343205885454,
        "f1": 0.6674687374721874
      },
      "Social Signaling": {
        "precision": 0.5946105122566223,
        "recall": 0.6202239692211151,
        "f1": 0.6063798069953918
      },
      "Cost-Benefit Analysis + Social Signaling": {
        "precision": 0.7328694462776184,
        "recall": 0.7050243616104126,
        "f1": 0.7186772227287292
      },
      "Think hard prompt": {
        "precision": 0.7007953706588453,
        "recall": 0.6577442893545136,
        "f1": 0.6774110461919363
      },
      "Halo Effect": {
        "precision": 0.6580203988335349,
        "recall": 0.6481580409136686,
        "f1": 0.6515694423155352
      },
      "Present Bias": {
        "precision": 0.6420951262116432,
        "recall": 0.6463299319148064,
        "f1": 0.6425739303231239
      },
      "Halo Effect + Present Bias": {
        "precision": 0.598258376121521,
        "recall": 0.6654265522956848,
        "f1": 0.6300573348999023
      },
      "ROI Analysis": {
        "precision": 0.657244990269343,
        "recall": 0.6561629176139832,
        "f1": 0.6565682192643484
      },
      "Cost-Benefit Analysis + ROI Analysis": {
        "precision": 0.669615626335144,
        "recall": 0.6963371634483337,
        "f1": 0.6827150583267212
      },
      "Bayesian Updating": {
        "precision": 0.6373487710952759,
        "recall": 0.6393008186266973,
        "f1": 0.6379631574337299
      },
      "Expected Value": {
        "precision": 0.6519321878751119,
        "recall": 0.6574738542238872,
        "f1": 0.6542430639266967
      },
      "Bayesian Updating + Expected Value": {
        "precision": 0.6327106860967783,
        "recall": 0.6538886061081519,
        "f1": 0.6429402369719285
      },
      "Tragedy of the Commons": {
        "precision": 0.6691640940579501,
        "recall": 0.6283149773424322,
        "f1": 0.6471325755119324
      },
      "Present Bias + Tragedy of the Commons": {
        "precision": 0.5678572654724121,
        "recall": 0.60927414894104,
        "f1": 0.5878371000289917
      },
      "Base Rate Fallacy": {
        "precision": 0.5764622688293457,
        "recall": 0.648318886756897,
        "f1": 0.6102827191352844
      },
      "Risk Compensation": {
        "precision": 0.6805962324142456,
        "recall": 0.7471994161605835,
        "f1": 0.7123444080352783
      },
      "Base Rate Fallacy + Risk Compensation": {
        "precision": 0.5956097841262817,
        "recall": 0.6570005416870117,
        "f1": 0.6248007416725159
      },
      "Nudge Theory": {
        "precision": 0.6401596409933907,
        "recall": 0.6673286557197571,
        "f1": 0.6533474496432713
      },
      "Nudge Theory + Present Bias": {
        "precision": 0.5860837697982788,
        "recall": 0.5867726802825928,
        "f1": 0.5864279866218567
      },
      "Risk Assessment": {
        "precision": 0.6911789774894714,
        "recall": 0.6498658548701893,
        "f1": 0.6693108813329176
      },
      "Present Bias + Risk Assessment": {
        "precision": 0.6821036338806152,
        "recall": 0.7200798392295837,
        "f1": 0.700577437877655
      },
      "Change Management": {
        "precision": 0.7054686120578221,
        "recall": 0.7130206908498492,
        "f1": 0.7087248478616986
      },
      "Cost-Benefit Analysis + Change Management": {
        "precision": 0.7319774627685547,
        "recall": 0.7355090230703354,
        "f1": 0.7336226105690002
      },
      "Status Quo Bias": {
        "precision": 0.6592463765825544,
        "recall": 0.6660636578287397,
        "f1": 0.6618695940290179
      },
      "Cost-Benefit Analysis + Status Quo Bias": {
        "precision": 0.5851777791976929,
        "recall": 0.6655969023704529,
        "f1": 0.6228020787239075
      },
      "Systems Thinking": {
        "precision": 0.6809772998094559,
        "recall": 0.6565461307764053,
        "f1": 0.6675844018658003
      },
      "Systems Thinking + Halo Effect": {
        "precision": 0.6297593116760254,
        "recall": 0.7022138436635336,
        "f1": 0.6638862490653992
      },
      "Risk Aversion": {
        "precision": 0.6577707976102829,
        "recall": 0.655748151242733,
        "f1": 0.6567008718848228
      },
      "Productivity Analysis": {
        "precision": 0.6554562449455261,
        "recall": 0.6694571077823639,
        "f1": 0.6623792946338654
      },
      "Risk Aversion + Productivity Analysis": {
        "precision": 0.7200044095516205,
        "recall": 0.6861637532711029,
        "f1": 0.7023737728595734
      },
      "Systems Thinking + Cost-Benefit Analysis": {
        "precision": 0.6747559159994125,
        "recall": 0.6543631926178932,
        "f1": 0.663499154150486
      },
      "Cost-Benefit Analysis + Systems Thinking": {
        "precision": 0.6518617669741312,
        "recall": 0.6695329745610555,
        "f1": 0.6605015595753988
      },
      "Stakeholder Engagement": {
        "precision": 0.6720045606295267,
        "recall": 0.6469795107841492,
        "f1": 0.6586614317364163
      },
      "Change Management + Stakeholder Engagement": {
        "precision": 0.6590783993403116,
        "recall": 0.6452298760414124,
        "f1": 0.6516844232877096
      },
      "Risk Assessment + Status Quo Bias": {
        "precision": 0.6657469471295675,
        "recall": 0.6315239270528158,
        "f1": 0.6478589574495951
      },
      "Nudge Theory + Risk Assessment": {
        "precision": 0.6642809907595316,
        "recall": 0.6792351802190145,
        "f1": 0.6716176668802897
      },
      "ROI Analysis + Risk Aversion": {
        "precision": 0.6374125719070435,
        "recall": 0.661236560344696,
        "f1": 0.6484907984733581
      },
      "Stakeholder Engagement + Systems Thinking": {
        "precision": 0.6480327248573303,
        "recall": 0.6725835800170898,
        "f1": 0.6600423057874044
      },
      "Halo Effect + Status Quo Bias": {
        "precision": 0.6566903591156006,
        "recall": 0.6791186928749084,
        "f1": 0.6673776904741923
      },
      "Tragedy of the Commons + Nudge Theory": {
        "precision": 0.6162118514378866,
        "recall": 0.6538258989651998,
        "f1": 0.6343751152356466
      },
      "Opportunity Cost": {
        "precision": 0.6425693205424717,
        "recall": 0.643808262688773,
        "f1": 0.6420912572315761
      },
      "Expected Value + Opportunity Cost": {
        "precision": 0.6284385919570923,
        "recall": 0.6670690178871155,
        "f1": 0.6471778154373169
      },
      "Fear of Missing Out": {
        "precision": 0.6744404037793478,
        "recall": 0.6330512960751852,
        "f1": 0.651656577984492
      },
      "Overconfidence Bias": {
        "precision": 0.678735979965755,
        "recall": 0.6355051824024746,
        "f1": 0.6553790654454913
      },
      "Fear of Missing Out + Overconfidence Bias": {
        "precision": 0.7219048738479614,
        "recall": 0.7268146872520447,
        "f1": 0.7243514657020569
      },
      "Risk-Reward Analysis": {
        "precision": 0.6841296851634979,
        "recall": 0.6964747309684753,
        "f1": 0.6899474163850149
      },
      "Risk-Reward Analysis + Opportunity Cost": {
        "precision": 0.599423885345459,
        "recall": 0.6192378401756287,
        "f1": 0.6091697812080383
      },
      "Evidence-Based Decision Making": {
        "precision": 0.681804283098741,
        "recall": 0.6340884512121027,
        "f1": 0.6563163345510309
      },