{
  "reference_type": "ground_truth",
  "metrics": {
    "overall": {
      "precision": 0.9441511673586709,
      "recall": 0.3138916293780009,
      "f1": 0.4710347503423691
    },
    "by_model": {
      "": {
        "precision": 0.9441511829694113,
        "recall": 0.3138916293780009,
        "f1": 0.4710347553094228
      },
      "Risk Aversion": {
        "precision": 0.9469647606213888,
        "recall": 0.30609357357025146,
        "f1": 0.462569127480189
      },
      "Overconfidence Bias": {
        "precision": 0.9469647606213888,
        "recall": 0.30609357357025146,
        "f1": 0.462569127480189
      },
      "Laptop Keyboard": {
        "precision": 0.9469647606213888,
        "recall": 0.30609357357025146,
        "f1": 0.462569127480189
      },
      "Risk Aversion + Overconfidence Bias": {
        "precision": 0.9469647606213888,
        "recall": 0.30609357357025146,
        "f1": 0.462569127480189
      },
      "Risk Aversion + Laptop Keyboard": {
        "precision": 0.9469647606213888,
        "recall": 0.30609357357025146,
        "f1": 0.462569127480189
      },
      "Overconfidence Bias + Laptop Keyboard": {
        "precision": 0.9469647606213888,
        "recall": 0.30609357357025146,
        "f1": 0.462569127480189
      },
      "Present Bias": {
        "precision": 0.9413375854492188,
        "recall": 0.3216896851857503,
        "f1": 0.4795003632704417
      },
      "Perceived Value": {
        "precision": 0.9413375655810038,
        "recall": 0.3216896851857503,
        "f1": 0.47950037320454914
      },
      "Laptop Screen": {
        "precision": 0.9413375655810038,
        "recall": 0.3216896851857503,
        "f1": 0.47950037320454914
      },
      "Present Bias + Perceived Value": {
        "precision": 0.9413375655810038,
        "recall": 0.3216896851857503,
        "f1": 0.47950037320454914
      },
      "Present Bias + Laptop Screen": {
        "precision": 0.9413375655810038,
        "recall": 0.3216896851857503,
        "f1": 0.47950037320454914
      },
      "Perceived Value + Laptop Screen": {
        "precision": 0.9413375655810038,
        "recall": 0.3216896851857503,
        "f1": 0.47950037320454914
      }
    },
    "by_question_type": {
      "evaluative": {
        "precision": 0.935017853975296,
        "recall": 0.3070443719625473,
        "f1": 0.4620046317577362
      },
      "explanatory": {
        "precision": 0.948050000837871,
        "recall": 0.31674976646900177,
        "f1": 0.4748203860861914
      },
      "prescriptive": {
        "precision": 0.9493856472628457,
        "recall": 0.3178807497024536,
        "f1": 0.4762792331831796
      }
    },
    "by_difficulty": {
      "medium": {
        "precision": 0.9402288347482681,
        "recall": 0.3109600320458412,
        "f1": 0.46719998866319656
      },
      "hard": {
        "precision": 0.9527624930654254,
        "recall": 0.315998911857605,
        "f1": 0.4745918597493853
      },
      "easy": {
        "precision": 0.9512291720935276,
        "recall": 0.3235107362270355,
        "f1": 0.48281668765204294
      }
    }
  }
}