{
  "reference_type": "model_answer",
  "metrics": {
    "overall": {
      "precision": 0.6589028338591257,
      "recall": 0.7031469146410624,
      "f1": 0.679563969373703
    },
    "by_model": {
      "": {
        "precision": 0.5931519468625387,
        "recall": 0.6694692770640055,
        "f1": 0.6289283434549967
      },
      "Affordability Heuristic": {
        "precision": 0.6325017809867859,
        "recall": 0.6467272043228149,
        "f1": 0.6395354270935059
      },
      "Social Signaling": {
        "precision": 0.6690626740455627,
        "recall": 0.7263118624687195,
        "f1": 0.6965128183364868
      },
      "Affordability Heuristic + Social Signaling": {
        "precision": 0.7076246738433838,
        "recall": 0.683782160282135,
        "f1": 0.6954991817474365
      },
      "Halo Effect": {
        "precision": 0.6641660928726196,
        "recall": 0.7401392459869385,
        "f1": 0.7000975608825684
      },
      "Present Bias": {
        "precision": 0.7593657970428467,
        "recall": 0.779429018497467,
        "f1": 0.769266664981842
      },
      "Halo Effect + Present Bias": {
        "precision": 0.7275333404541016,
        "recall": 0.7850435972213745,
        "f1": 0.7551952004432678
      },
      "Total Cost of Ownership": {
        "precision": 0.7319585084915161,
        "recall": 0.6926930546760559,
        "f1": 0.7117846012115479
      },
      "ROI Analysis": {
        "precision": 0.5895292162895203,
        "recall": 0.7007070779800415,
        "f1": 0.6403281688690186
      },
      "Total Cost of Ownership + ROI Analysis": {
        "precision": 0.6456360816955566,
        "recall": 0.6745219230651855,
        "f1": 0.659762978553772
      }
    },
    "by_question_type": {
      "evaluative": {
        "precision": 0.6575343757867813,
        "recall": 0.6930756270885468,
        "f1": 0.6741047203540802
      },
      "explanatory": {
        "precision": 0.6660956591367722,
        "recall": 0.7225375920534134,
        "f1": 0.6929035186767578
      },
      "prescriptive": {
        "precision": 0.6530784666538239,
        "recall": 0.6938275247812271,
        "f1": 0.671683669090271
      }
    },
    "by_difficulty": {
      "easy": {
        "precision": 0.6575343757867813,
        "recall": 0.6930756270885468,
        "f1": 0.6741047203540802
      },
      "medium": {
        "precision": 0.6660956591367722,
        "recall": 0.7225375920534134,
        "f1": 0.6929035186767578
      },
      "hard": {
        "precision": 0.6530784666538239,
        "recall": 0.6938275247812271,
        "f1": 0.671683669090271
      }
    }
  }
}