{
  "reference_type": "ground_truth",
  "metrics": {
    "overall": {
      "precision": 0.6626016866159803,
      "recall": 0.6463082486436568,
      "f1": 0.6533069437696734
    },
    "by_model": {
      "": {
        "precision": 0.6801586847268898,
        "recall": 0.6525735527504491,
        "f1": 0.6650487830620686
      },
      "Cost-Benefit Analysis": {
        "precision": 0.6658623453342554,
        "recall": 0.6470752972545046,
        "f1": 0.6550803329005386
      },
      "Social Signaling": {
        "precision": 0.659447580575943,
        "recall": 0.6595344543457031,
        "f1": 0.6591752469539642
      },
      "Cost-Benefit Analysis + Social Signaling": {
        "precision": 0.7223630547523499,
        "recall": 0.7579806447029114,
        "f1": 0.7397433519363403
      },
      "Think hard prompt": {
        "precision": 0.6777068922537883,
        "recall": 0.6510688639779127,
        "f1": 0.6631462801503771
      },
      "Halo Effect": {
        "precision": 0.6216391595927152,
        "recall": 0.6262829412113536,
        "f1": 0.622507014057853
      },
      "Present Bias": {
        "precision": 0.6326373443007469,
        "recall": 0.6471591144800186,
        "f1": 0.6381729245185852
      },
      "Halo Effect + Present Bias": {
        "precision": 0.6195886731147766,
        "recall": 0.7065669298171997,
        "f1": 0.6602254509925842
      },
      "ROI Analysis": {
        "precision": 0.5895100831985474,
        "recall": 0.6307870248953501,
        "f1": 0.6091211636861166
      },
      "Cost-Benefit Analysis + ROI Analysis": {
        "precision": 0.5642916560173035,
        "recall": 0.6544808745384216,
        "f1": 0.6060492396354675
      },
      "Bayesian Updating": {
        "precision": 0.6016276708016028,
        "recall": 0.6194973221191993,
        "f1": 0.6100637041605436
      },
      "Expected Value": {
        "precision": 0.6369280258814494,
        "recall": 0.6332369764645894,
        "f1": 0.6349510351816813
      },
      "Bayesian Updating + Expected Value": {
        "precision": 0.6111139884361854,
        "recall": 0.632198535479032,
        "f1": 0.620943546295166
      },
      "Tragedy of the Commons": {
        "precision": 0.6597707271575928,
        "recall": 0.6354575265537609,
        "f1": 0.646141149780967
      },
      "Present Bias + Tragedy of the Commons": {
        "precision": 0.5980300903320312,
        "recall": 0.691287100315094,
        "f1": 0.6412859559059143
      },
      "Base Rate Fallacy": {
        "precision": 0.6543952226638794,
        "recall": 0.6756323575973511,
        "f1": 0.664844274520874
      },
      "Risk Compensation": {
        "precision": 0.6367661952972412,
        "recall": 0.6655845046043396,
        "f1": 0.6508564949035645
      },
      "Base Rate Fallacy + Risk Compensation": {
        "precision": 0.6176150441169739,
        "recall": 0.6598723530769348,
        "f1": 0.6380447745323181
      },
      "Nudge Theory": {
        "precision": 0.6339194519179208,
        "recall": 0.6463711517197746,
        "f1": 0.6399180122784206
      },
      "Nudge Theory + Present Bias": {
        "precision": 0.5868156552314758,
        "recall": 0.6982734799385071,
        "f1": 0.6377111077308655
      },
      "Risk Assessment": {
        "precision": 0.6767674251036211,
        "recall": 0.6340736204927618,
        "f1": 0.6538905989040028
      },
      "Present Bias + Risk Assessment": {
        "precision": 0.632529079914093,
        "recall": 0.7313519716262817,
        "f1": 0.6783602833747864
      },
      "Change Management": {
        "precision": 0.6887575387954712,
        "recall": 0.7018072605133057,
        "f1": 0.694871323449271
      },
      "Cost-Benefit Analysis + Change Management": {
        "precision": 0.6745853126049042,
        "recall": 0.7385531663894653,
        "f1": 0.7050799131393433
      },
      "Status Quo Bias": {
        "precision": 0.6426365120070321,
        "recall": 0.6587545360837664,
        "f1": 0.6502770696367536
      },
      "Cost-Benefit Analysis + Status Quo Bias": {
        "precision": 0.5290958285331726,
        "recall": 0.6083686351776123,
        "f1": 0.5659698843955994
      },
      "Systems Thinking": {
        "precision": 0.6589462086558342,
        "recall": 0.6377942686279615,
        "f1": 0.6474347660938898
      },
      "Systems Thinking + Halo Effect": {
        "precision": 0.6176177660624186,
        "recall": 0.6735489765803019,
        "f1": 0.6443693240483602
      },
      "Risk Aversion": {
        "precision": 0.6554005071520805,
        "recall": 0.648528441786766,
        "f1": 0.65171167999506
      },
      "Productivity Analysis": {
        "precision": 0.663949728012085,
        "recall": 0.6896701753139496,
        "f1": 0.6765643954277039
      },
      "Risk Aversion + Productivity Analysis": {
        "precision": 0.7082939445972443,
        "recall": 0.6914952993392944,
        "f1": 0.6992889046669006
      },
      "Systems Thinking + Cost-Benefit Analysis": {
        "precision": 0.6530526950955391,
        "recall": 0.6476406678557396,
        "f1": 0.6494811698794365
      },
      "Cost-Benefit Analysis + Systems Thinking": {
        "precision": 0.6603574156761169,
        "recall": 0.6638358235359192,
        "f1": 0.6620278755823771
      },
      "Stakeholder Engagement": {
        "precision": 0.6672050290637546,
        "recall": 0.6457142763667636,
        "f1": 0.6559773286183676
      },
      "Change Management + Stakeholder Engagement": {
        "precision": 0.6568604906400045,
        "recall": 0.6448275645573934,
        "f1": 0.6506801644961039
      },
      "Risk Assessment + Status Quo Bias": {
        "precision": 0.6612370014190674,
        "recall": 0.6571552157402039,
        "f1": 0.6588939825693766
      },
      "Nudge Theory + Risk Assessment": {
        "precision": 0.6793307860692342,
        "recall": 0.6934916178385416,
        "f1": 0.6862262686093649
      },
      "ROI Analysis + Risk Aversion": {
        "precision": 0.6371211171150207,
        "recall": 0.6388285875320434,
        "f1": 0.63777596950531
      },
      "Stakeholder Engagement + Systems Thinking": {
        "precision": 0.633374015490214,
        "recall": 0.6462493538856506,
        "f1": 0.6396975119908651
      },
      "Halo Effect + Status Quo Bias": {
        "precision": 0.6088735858599345,
        "recall": 0.639502763748169,
        "f1": 0.6234917044639587
      },
      "Tragedy of the Commons + Nudge Theory": {
        "precision": 0.5863252679506937,
        "recall": 0.646497925122579,
        "f1": 0.6143028934796652
      },
      "Opportunity Cost": {
        "precision": 0.6494988969394139,
        "recall": 0.6531075324331012,
        "f1": 0.6503274185316903
      },
      "Expected Value + Opportunity Cost": {
        "precision": 0.6034789681434631,
        "recall": 0.6586794257164001,
        "f1": 0.6298720836639404
      },
      "Fear of Missing Out": {
        "precision": 0.6806467473506927,
        "recall": 0.6426562070846558,
        "f1": 0.6598661839962006
      },
      "Overconfidence Bias": {
        "precision": 0.6513750084808895,
        "recall": 0.6189000180789402,
        "f1": 0.6336706621306283
      },
      "Fear of Missing Out + Overconfidence Bias": {
        "precision": 0.6715360879898071,
        "recall": 0.7319456934928894,
        "f1": 0.7004408240318298
      },
      "Risk-Reward Analysis": {
        "precision": 0.632605622212092,
        "recall": 0.6561480363210043,
        "f1": 0.6435031890869141
      },
      "Risk-Reward Analysis + Opportunity Cost": {
        "precision": 0.5724480748176575,
        "recall": 0.6775380373001099,
        "f1": 0.6205754280090332
      },
      "Evidence-Based Decision Making": {
        "precision": 0.6503641713749279,
        "recall": 0.6174007870934226,
        "f1": 0.6329864371906627
      },