{
  "reference_type": "ground_truth",
  "metrics": {
    "overall": {
      "precision": 0.6376282294591268,
      "recall": 0.6928881923357646,
      "f1": 0.6634953101476033
    },
    "by_model": {
      "": {
        "precision": 0.6731094320615133,
        "recall": 0.7003610531489054,
        "f1": 0.686198870340983
      },
      "Affordability Heuristic": {
        "precision": 0.725069522857666,
        "recall": 0.7186159491539001,
        "f1": 0.721828281879425
      },
      "Social Signaling": {
        "precision": 0.7485400438308716,
        "recall": 0.768622100353241,
        "f1": 0.7584482431411743
      },
      "Affordability Heuristic + Social Signaling": {
        "precision": 0.6797457933425903,
        "recall": 0.680801510810852,
        "f1": 0.6802732348442078
      },
      "Explain reasoning prompt": {
        "precision": 0.6015843152999878,
        "recall": 0.684524655342102,
        "f1": 0.6401710708936056
      },
      "Halo Effect": {
        "precision": 0.5595187544822693,
        "recall": 0.6609495282173157,
        "f1": 0.6060192584991455
      },
      "Present Bias": {
        "precision": 0.6081076264381409,
        "recall": 0.6831889748573303,
        "f1": 0.643465518951416
      },
      "Halo Effect + Present Bias": {
        "precision": 0.6468727588653564,
        "recall": 0.7321252226829529,
        "f1": 0.6868637204170227
      },
      "Total Cost of Ownership": {
        "precision": 0.6272760033607483,
        "recall": 0.6771307587623596,
        "f1": 0.6512506604194641
      },
      "ROI Analysis": {
        "precision": 0.5633493661880493,
        "recall": 0.655734121799469,
        "f1": 0.6060411930084229
      },
      "Total Cost of Ownership + ROI Analysis": {
        "precision": 0.5818623304367065,
        "recall": 0.6614975929260254,
        "f1": 0.6191297173500061
      }
    },
    "by_question_type": {
      "evaluative": {
        "precision": 0.685163414478302,
        "recall": 0.7020780444145203,
        "f1": 0.6931291580200195
      },
      "explanatory": {
        "precision": 0.6283308148384095,
        "recall": 0.7055590867996215,
        "f1": 0.6645807743072509
      },
      "prescriptive": {
        "precision": 0.5993904590606689,
        "recall": 0.6710274457931519,
        "f1": 0.6327759981155395
      }
    },
    "by_difficulty": {
      "easy": {
        "precision": 0.685163414478302,
        "recall": 0.7020780444145203,
        "f1": 0.6931291580200195
      },
      "medium": {
        "precision": 0.6283308148384095,
        "recall": 0.7055590867996215,
        "f1": 0.6645807743072509
      },
      "hard": {
        "precision": 0.5993904590606689,
        "recall": 0.6710274457931519,
        "f1": 0.6327759981155395
      }
    }
  }
}