{
  "reference_type": "ground_truth",
  "metrics": {
    "overall": {
      "precision": 0.6733769029378891,
      "recall": 0.70648725827535,
      "f1": 0.689126119017601
    },
    "by_model": {
      "": {
        "precision": 0.6968953410784403,
        "recall": 0.7082729736963908,
        "f1": 0.7020249764124552
      },
      "Affordability Heuristic": {
        "precision": 0.7046314477920532,
        "recall": 0.6997061371803284,
        "f1": 0.702160120010376
      },
      "Social Signaling": {
        "precision": 0.7209693193435669,
        "recall": 0.741745114326477,
        "f1": 0.7312096953392029
      },
      "Affordability Heuristic + Social Signaling": {
        "precision": 0.7665104866027832,
        "recall": 0.7757778167724609,
        "f1": 0.7711162567138672
      },
      "Halo Effect": {
        "precision": 0.6246333122253418,
        "recall": 0.6944937705993652,
        "f1": 0.6577136516571045
      },
      "Present Bias": {
        "precision": 0.669897735118866,
        "recall": 0.7277452945709229,
        "f1": 0.6976243257522583
      },
      "Halo Effect + Present Bias": {
        "precision": 0.6155729293823242,
        "recall": 0.6945998668670654,
        "f1": 0.652703046798706
      },
      "Total Cost of Ownership": {
        "precision": 0.6639103889465332,
        "recall": 0.6947344541549683,
        "f1": 0.6789727807044983
      },
      "ROI Analysis": {
        "precision": 0.6041473150253296,
        "recall": 0.6618449091911316,
        "f1": 0.6316813826560974
      },
      "Total Cost of Ownership + ROI Analysis": {
        "precision": 0.61956387758255,
        "recall": 0.6623808145523071,
        "f1": 0.6402572393417358
      }
    },
    "by_question_type": {
      "evaluative": {
        "precision": 0.7405077517032623,
        "recall": 0.7365322560071945,
        "f1": 0.7383336573839188
      },
      "explanatory": {
        "precision": 0.6383065581321716,
        "recall": 0.7017634510993958,
        "f1": 0.6684694886207581
      },
      "prescriptive": {
        "precision": 0.6413163989782333,
        "recall": 0.6811660677194595,
        "f1": 0.6605752110481262
      }
    },
    "by_difficulty": {
      "easy": {
        "precision": 0.7405077517032623,
        "recall": 0.7365322560071945,
        "f1": 0.7383336573839188
      },
      "medium": {
        "precision": 0.6383065581321716,
        "recall": 0.7017634510993958,
        "f1": 0.6684694886207581
      },
      "hard": {
        "precision": 0.6413163989782333,
        "recall": 0.6811660677194595,
        "f1": 0.6605752110481262
      }
    }
  }
}