{
  "reference_type": "ground_truth",
  "metrics": {
    "overall": {
      "precision": 0.6451577266057332,
      "recall": 0.6913472056388855,
      "f1": 0.6664315859476725
    },
    "by_model": {
      "": {
        "precision": 0.6991801261901855,
        "recall": 0.7149295608202616,
        "f1": 0.7066623965899149
      },
      "Affordability Heuristic": {
        "precision": 0.7190725803375244,
        "recall": 0.7154355049133301,
        "f1": 0.7172494530677795
      },
      "Social Signaling": {
        "precision": 0.7559464573860168,
        "recall": 0.7612593770027161,
        "f1": 0.7585936188697815
      },
      "Affordability Heuristic + Social Signaling": {
        "precision": 0.713855504989624,
        "recall": 0.7354515194892883,
        "f1": 0.7244926691055298
      },
      "Reasoning": {
        "precision": 0.5744284987449646,
        "recall": 0.6652523875236511,
        "f1": 0.6140935222307841
      },
      "Halo Effect": {
        "precision": 0.5868247151374817,
        "recall": 0.6411787867546082,
        "f1": 0.6127988696098328
      },
      "Present Bias": {
        "precision": 0.6106063723564148,
        "recall": 0.6804692149162292,
        "f1": 0.6436476111412048
      },
      "Halo Effect + Present Bias": {
        "precision": 0.6119040250778198,
        "recall": 0.6931267380714417,
        "f1": 0.6499877572059631
      },
      "Total Cost of Ownership": {
        "precision": 0.6637943983078003,
        "recall": 0.688749372959137,
        "f1": 0.6760416626930237
      },
      "ROI Analysis": {
        "precision": 0.5983992218971252,
        "recall": 0.664147675037384,
        "f1": 0.6295614838600159
      },
      "Total Cost of Ownership + ROI Analysis": {
        "precision": 0.596136748790741,
        "recall": 0.6498440504074097,
        "f1": 0.6218329071998596
      }
    },
    "by_question_type": {
      "evaluative": {
        "precision": 0.7178337693214416,
        "recall": 0.7153930187225341,
        "f1": 0.7165293216705322
      },
      "explanatory": {
        "precision": 0.6043156385421753,
        "recall": 0.6774836301803588,
        "f1": 0.638134765625
      },
      "prescriptive": {
        "precision": 0.6133237719535828,
        "recall": 0.6811649680137635,
        "f1": 0.6446306705474854
      }
    },
    "by_difficulty": {
      "easy": {
        "precision": 0.7178337693214416,
        "recall": 0.7153930187225341,
        "f1": 0.7165293216705322
      },
      "medium": {
        "precision": 0.6043156385421753,
        "recall": 0.6774836301803588,
        "f1": 0.638134765625
      },
      "hard": {
        "precision": 0.6133237719535828,
        "recall": 0.6811649680137635,
        "f1": 0.6446306705474854
      }
    }
  }
}