{
  "reference_type": "model_answer",
  "metrics": {
    "overall": {
      "precision": 0.5404115356504917,
      "recall": 0.6265065098802248,
      "f1": 0.5794621308644613
    },
    "by_model": {
      "": {
        "precision": 0.5374642411867777,
        "recall": 0.6325676739215851,
        "f1": 0.5807125171025594
      },
      "Affordability Heuristic": {
        "precision": 0.48333287239074707,
        "recall": 0.511692225933075,
        "f1": 0.4971083998680115
      },
      "Social Signaling": {
        "precision": 0.5502447485923767,
        "recall": 0.5592927932739258,
        "f1": 0.5547318458557129
      },
      "Affordability Heuristic + Social Signaling": {
        "precision": 0.5453221797943115,
        "recall": 0.5408579707145691,
        "f1": 0.5430808663368225
      },
      "Halo Effect": {
        "precision": 0.5046873688697815,
        "recall": 0.5714653730392456,
        "f1": 0.5360044836997986
      },
      "Present Bias": {
        "precision": 0.595587432384491,
        "recall": 0.737298846244812,
        "f1": 0.6589098572731018
      },
      "Halo Effect + Present Bias": {
        "precision": 0.536522388458252,
        "recall": 0.6151847839355469,
        "f1": 0.5731672644615173
      },
      "Total Cost of Ownership": {
        "precision": 0.5756558775901794,
        "recall": 0.7599393129348755,
        "f1": 0.6550840139389038
      },
      "ROI Analysis": {
        "precision": 0.5625388026237488,
        "recall": 0.6861517429351807,
        "f1": 0.6182267665863037
      },
      "Total Cost of Ownership + ROI Analysis": {
        "precision": 0.4932601749897003,
        "recall": 0.5376330614089966,
        "f1": 0.5144916772842407
      },
      "Precautionary Principle": {
        "precision": 0.5270594954490662,
        "recall": 0.541531503200531,
        "f1": 0.5341975092887878
      },
      "Marginal Value of Accuracy": {
        "precision": 0.4619542360305786,
        "recall": 0.5909210443496704,
        "f1": 0.5185390710830688
      },
      "Precautionary Principle + Marginal Value of Accuracy": {
        "precision": 0.5638417601585388,
        "recall": 0.6250765323638916,
        "f1": 0.5928822159767151
      },
      "Type I/II Errors": {
        "precision": 0.5974725484848022,
        "recall": 0.686654806137085,
        "f1": 0.6389668583869934
      },
      "Confusion Matrix": {
        "precision": 0.5024005770683289,
        "recall": 0.6189081072807312,
        "f1": 0.5546016097068787
      },
      "Type I/II Errors + Confusion Matrix": {
        "precision": 0.5848149657249451,
        "recall": 0.709696352481842,
        "f1": 0.6412320137023926
      },
      "Complementarity": {
        "precision": 0.525482177734375,
        "recall": 0.5842499136924744,
        "f1": 0.5533099174499512
      },
      "Swiss Cheese Model": {
        "precision": 0.5747820138931274,
        "recall": 0.6570813655853271,
        "f1": 0.613182544708252
      },
      "Complementarity + Swiss Cheese Model": {
        "precision": 0.5601317882537842,
        "recall": 0.7071144580841064,
        "f1": 0.6250991225242615
      }
    },
    "by_question_type": {
      "evaluative": {
        "precision": 0.5517882704734802,
        "recall": 0.5989331156015396,
        "f1": 0.5731039941310883
      },
      "explanatory": {
        "precision": 0.5300537124276161,
        "recall": 0.6289557367563248,
        "f1": 0.5750644654035568
      },
      "prescriptive": {
        "precision": 0.5393802002072334,
        "recall": 0.6419235691428185,
        "f1": 0.585536777973175
      },
      "normative": {
        "precision": 0.5177640914916992,
        "recall": 0.5842317640781403,
        "f1": 0.5481780618429184
      },
      "descriptive": {
        "precision": 0.5641027390956879,
        "recall": 0.6630713045597076,
        "f1": 0.609352707862854
      }
    },
    "by_difficulty": {
      "easy": {
        "precision": 0.5404115356504917,
        "recall": 0.6265065098802248,
        "f1": 0.5794621308644613
      }
    }
  }
}