{
  "reference_type": "ground_truth",
  "metrics": {
    "overall": {
      "precision": 0.6820982721925691,
      "recall": 0.647872803411411,
      "f1": 0.6634921246812544
    },
    "by_model": {
      "": {
        "precision": 0.6953436377394291,
        "recall": 0.6497275906664725,
        "f1": 0.6708151634412868
      },
      "Cost-Benefit Analysis": {
        "precision": 0.6823366790106802,
        "recall": 0.6475832209442601,
        "f1": 0.662973474372517
      },
      "Social Signaling": {
        "precision": 0.6996021866798401,
        "recall": 0.6669477224349976,
        "f1": 0.6826909184455872
      },
      "Cost-Benefit Analysis + Social Signaling": {
        "precision": 0.8296871781349182,
        "recall": 0.7993310689926147,
        "f1": 0.8142262101173401
      },
      "Think hard prompt": {
        "precision": 0.7003333227325031,
        "recall": 0.6509453868137971,
        "f1": 0.6738339503302829
      },
      "Halo Effect": {
        "precision": 0.6281711025671526,
        "recall": 0.6191881732507185,
        "f1": 0.6224079944870688
      },
      "Present Bias": {
        "precision": 0.6424378380179405,
        "recall": 0.653094157576561,
        "f1": 0.6467090919613838
      },
      "Halo Effect + Present Bias": {
        "precision": 0.6578109860420227,
        "recall": 0.7248271703720093,
        "f1": 0.6896949410438538
      },
      "ROI Analysis": {
        "precision": 0.6503121654192606,
        "recall": 0.670793334643046,
        "f1": 0.6601909299691519
      },
      "Cost-Benefit Analysis + ROI Analysis": {
        "precision": 0.6160509586334229,
        "recall": 0.7179780006408691,
        "f1": 0.6631206274032593
      },
      "Bayesian Updating": {
        "precision": 0.6430190251423762,
        "recall": 0.6451394603802607,
        "f1": 0.643872829583975
      },
      "Expected Value": {
        "precision": 0.6747914751370748,
        "recall": 0.6651073694229126,
        "f1": 0.6696068008740743
      },
      "Bayesian Updating + Expected Value": {
        "precision": 0.6454415229650644,
        "recall": 0.6551676300855783,
        "f1": 0.6498197362973139
      },
      "Tragedy of the Commons": {
        "precision": 0.6588730595328591,
        "recall": 0.6153758655894886,
        "f1": 0.6351167505437677
      },
      "Present Bias + Tragedy of the Commons": {
        "precision": 0.6458196640014648,
        "recall": 0.6682480573654175,
        "f1": 0.6568424701690674
      },
      "Base Rate Fallacy": {
        "precision": 0.6684772968292236,
        "recall": 0.7031258940696716,
        "f1": 0.6853639483451843
      },
      "Risk Compensation": {
        "precision": 0.6915050745010376,
        "recall": 0.7276543378829956,
        "f1": 0.7091193199157715
      },
      "Base Rate Fallacy + Risk Compensation": {
        "precision": 0.6928421854972839,
        "recall": 0.7152591943740845,
        "f1": 0.7038722634315491
      },
      "Nudge Theory": {
        "precision": 0.6627256444522313,
        "recall": 0.658761807850429,
        "f1": 0.6606789061001369
      },
      "Nudge Theory + Present Bias": {
        "precision": 0.6930792331695557,
        "recall": 0.7031973004341125,
        "f1": 0.6981016397476196
      },
      "Risk Assessment": {
        "precision": 0.7022275491194292,
        "recall": 0.6392221965573051,
        "f1": 0.6686057394201105
      },
      "Present Bias + Risk Assessment": {
        "precision": 0.682122528553009,
        "recall": 0.714345395565033,
        "f1": 0.6978622078895569
      },
      "Change Management": {
        "precision": 0.7346164669309344,
        "recall": 0.7165968673569816,
        "f1": 0.7252146431377956
      },
      "Cost-Benefit Analysis + Change Management": {
        "precision": 0.7334618866443634,
        "recall": 0.760620966553688,
        "f1": 0.7467466741800308
      },
      "Status Quo Bias": {
        "precision": 0.6671727555138725,
        "recall": 0.6537658827645438,
        "f1": 0.6598500268799918
      },
      "Cost-Benefit Analysis + Status Quo Bias": {
        "precision": 0.5540511608123779,
        "recall": 0.6320241093635559,
        "f1": 0.5904746651649475
      },
      "Systems Thinking": {
        "precision": 0.6786222557226816,
        "recall": 0.6517433524131775,
        "f1": 0.6636323283116022
      },
      "Systems Thinking + Halo Effect": {
        "precision": 0.6219538450241089,
        "recall": 0.6761199434598287,
        "f1": 0.6476887663205465
      },
      "Risk Aversion": {
        "precision": 0.6644951030611992,
        "recall": 0.6500772386789322,
        "f1": 0.6569586843252182
      },
      "Productivity Analysis": {
        "precision": 0.715936005115509,
        "recall": 0.7154035866260529,
        "f1": 0.715510755777359
      },
      "Risk Aversion + Productivity Analysis": {
        "precision": 0.7111915946006775,
        "recall": 0.684461772441864,
        "f1": 0.6975628435611725
      },
      "Systems Thinking + Cost-Benefit Analysis": {
        "precision": 0.6601508185267448,
        "recall": 0.6422804221510887,
        "f1": 0.6503185853362083
      },
      "Cost-Benefit Analysis + Systems Thinking": {
        "precision": 0.6690356930096945,
        "recall": 0.6639250914255778,
        "f1": 0.6664347648620605
      },
      "Stakeholder Engagement": {
        "precision": 0.6936773724026151,
        "recall": 0.6398062838448418,
        "f1": 0.6652382347318861
      },
      "Change Management + Stakeholder Engagement": {
        "precision": 0.6791767477989197,
        "recall": 0.6495753725369772,
        "f1": 0.6638896465301514
      },
      "Risk Assessment + Status Quo Bias": {
        "precision": 0.6231670578320821,
        "recall": 0.6117974718411764,
        "f1": 0.6173787514368693
      },
      "Nudge Theory + Risk Assessment": {
        "precision": 0.6816382010777792,
        "recall": 0.683431069056193,
        "f1": 0.6824881434440613
      },
      "ROI Analysis + Risk Aversion": {
        "precision": 0.6141032457351685,
        "recall": 0.6113980412483215,
        "f1": 0.6127164840698243
      },
      "Stakeholder Engagement + Systems Thinking": {
        "precision": 0.6557786663373312,
        "recall": 0.665550947189331,
        "f1": 0.660602351029714
      },
      "Halo Effect + Status Quo Bias": {
        "precision": 0.6121798356374105,
        "recall": 0.6271040836970011,
        "f1": 0.6194782853126526
      },
      "Tragedy of the Commons + Nudge Theory": {
        "precision": 0.6175135771433512,
        "recall": 0.651817242304484,
        "f1": 0.6340869665145874
      },
      "Opportunity Cost": {
        "precision": 0.6523465939930507,
        "recall": 0.640569908278329,
        "f1": 0.6445095028196063
      },
      "Expected Value + Opportunity Cost": {
        "precision": 0.5960202217102051,
        "recall": 0.6385487914085388,
        "f1": 0.6165519952774048
      },
      "Fear of Missing Out": {
        "precision": 0.6990790665149689,
        "recall": 0.6306654413541158,
        "f1": 0.6623566150665283
      },
      "Overconfidence Bias": {
        "precision": 0.6775762949671064,
        "recall": 0.620345767055239,
        "f1": 0.6468843477112907
      },
      "Fear of Missing Out + Overconfidence Bias": {
        "precision": 0.7749300003051758,
        "recall": 0.7535566687583923,
        "f1": 0.7640938758850098
      },
      "Risk-Reward Analysis": {
        "precision": 0.6820485989252726,
        "recall": 0.6734702785809835,
        "f1": 0.676994522412618
      },
      "Risk-Reward Analysis + Opportunity Cost": {
        "precision": 0.5715839266777039,
        "recall": 0.6679073572158813,
        "f1": 0.6160029172897339
      },
      "Evidence-Based Decision Making": {
        "precision": 0.6658429178324613,
        "recall": 0.6296966292641379,
        "f1": 0.6462137319824912
      },