{
  "reference_type": "ground_truth",
  "metrics": {
    "overall": {
      "precision": 0.6763985758519354,
      "recall": 0.6436037635530224,
      "f1": 0.6585287330714801
    },
    "by_model": {
      "": {
        "precision": 0.7003744849721893,
        "recall": 0.6534424183022884,
        "f1": 0.6750836172176682
      },
      "Cost-Benefit Analysis": {
        "precision": 0.6667456717202158,
        "recall": 0.6325512275551305,
        "f1": 0.6479268922950282
      },
      "Social Signaling": {
        "precision": 0.604443371295929,
        "recall": 0.6166378855705261,
        "f1": 0.6099092960357666
      },
      "Cost-Benefit Analysis + Social Signaling": {
        "precision": 0.7023686766624451,
        "recall": 0.7093451619148254,
        "f1": 0.7058396935462952
      },
      "Think hard prompt": {
        "precision": 0.7002328097365285,
        "recall": 0.6530233430498429,
        "f1": 0.6748958407467558
      },
      "Halo Effect": {
        "precision": 0.6383977694944902,
        "recall": 0.6326003237204119,
        "f1": 0.6342435099861838
      },
      "Present Bias": {
        "precision": 0.6389720514416695,
        "recall": 0.6197189018130302,
        "f1": 0.6282593831419945
      },
      "Halo Effect + Present Bias": {
        "precision": 0.6523215174674988,
        "recall": 0.689498245716095,
        "f1": 0.6703948378562927
      },
      "ROI Analysis": {
        "precision": 0.6198453803857168,
        "recall": 0.6434617539246877,
        "f1": 0.6306658387184143
      },
      "Cost-Benefit Analysis + ROI Analysis": {
        "precision": 0.6772144436836243,
        "recall": 0.7179340720176697,
        "f1": 0.6969799995422363
      },
      "Bayesian Updating": {
        "precision": 0.6452412055088923,
        "recall": 0.63803742482112,
        "f1": 0.6410573904330914
      },
      "Expected Value": {
        "precision": 0.6433473706245423,
        "recall": 0.6355678002039592,
        "f1": 0.639165731271108
      },
      "Bayesian Updating + Expected Value": {
        "precision": 0.6342710898472712,
        "recall": 0.6405871052008408,
        "f1": 0.6371544645382807
      },
      "Tragedy of the Commons": {
        "precision": 0.6420706239613619,
        "recall": 0.6053274490616538,
        "f1": 0.6222038865089417
      },
      "Present Bias + Tragedy of the Commons": {
        "precision": 0.5842929482460022,
        "recall": 0.6281214952468872,
        "f1": 0.6054149866104126
      },
      "Base Rate Fallacy": {
        "precision": 0.6463524103164673,
        "recall": 0.6039876937866211,
        "f1": 0.6244523525238037
      },
      "Risk Compensation": {
        "precision": 0.7049450874328613,
        "recall": 0.7347049117088318,
        "f1": 0.7195174098014832
      },
      "Base Rate Fallacy + Risk Compensation": {
        "precision": 0.6156608462333679,
        "recall": 0.6974210739135742,
        "f1": 0.6539955139160156
      },
      "Nudge Theory": {
        "precision": 0.6781239339283535,
        "recall": 0.6710709418569293,
        "f1": 0.6742148143904549
      },
      "Nudge Theory + Present Bias": {
        "precision": 0.6295139789581299,
        "recall": 0.6503674387931824,
        "f1": 0.6397708058357239
      },
      "Risk Assessment": {
        "precision": 0.6851603605530479,
        "recall": 0.6320871575312181,
        "f1": 0.6567438759587028
      },
      "Present Bias + Risk Assessment": {
        "precision": 0.6644623279571533,
        "recall": 0.7151194214820862,
        "f1": 0.6888608932495117
      },
      "Change Management": {
        "precision": 0.7338159510067531,
        "recall": 0.7308680840900966,
        "f1": 0.7318612592560905
      },
      "Cost-Benefit Analysis + Change Management": {
        "precision": 0.7042472958564758,
        "recall": 0.757464274764061,
        "f1": 0.7294630259275436
      },
      "Status Quo Bias": {
        "precision": 0.6256457311766488,
        "recall": 0.6238467012132917,
        "f1": 0.6243200557572501
      },
      "Cost-Benefit Analysis + Status Quo Bias": {
        "precision": 0.5229805707931519,
        "recall": 0.5942742824554443,
        "f1": 0.5563527345657349
      },
      "Systems Thinking": {
        "precision": 0.6714749832948049,
        "recall": 0.637468658387661,
        "f1": 0.6526596074302992
      },
      "Systems Thinking + Halo Effect": {
        "precision": 0.6228229800860087,
        "recall": 0.6658062934875488,
        "f1": 0.6435659527778625
      },
      "Risk Aversion": {
        "precision": 0.6418246477842331,
        "recall": 0.6342261284589767,
        "f1": 0.6375806778669357
      },
      "Productivity Analysis": {
        "precision": 0.634201854467392,
        "recall": 0.6635394096374512,
        "f1": 0.6484893560409546
      },
      "Risk Aversion + Productivity Analysis": {
        "precision": 0.6477383077144623,
        "recall": 0.6669123768806458,
        "f1": 0.6571737229824066
      },
      "Systems Thinking + Cost-Benefit Analysis": {
        "precision": 0.6650991067290306,
        "recall": 0.6492636874318123,
        "f1": 0.6552451997995377
      },
      "Cost-Benefit Analysis + Systems Thinking": {
        "precision": 0.6319301128387451,
        "recall": 0.638350268205007,
        "f1": 0.6350940267244974
      },
      "Stakeholder Engagement": {
        "precision": 0.686688244342804,
        "recall": 0.6546061171425713,
        "f1": 0.6698495480749342
      },
      "Change Management + Stakeholder Engagement": {
        "precision": 0.654050866762797,
        "recall": 0.642092764377594,
        "f1": 0.6478433410326639
      },
      "Risk Assessment + Status Quo Bias": {
        "precision": 0.6839290658632914,
        "recall": 0.6456026832262675,
        "f1": 0.6640068491299947
      },
      "Nudge Theory + Risk Assessment": {
        "precision": 0.6818353136380514,
        "recall": 0.6830068627993265,
        "f1": 0.6823964516321818
      },
      "ROI Analysis + Risk Aversion": {
        "precision": 0.6068267345428466,
        "recall": 0.6110139966011048,
        "f1": 0.6083915829658508
      },
      "Stakeholder Engagement + Systems Thinking": {
        "precision": 0.6550243099530538,
        "recall": 0.6678921778996786,
        "f1": 0.661336084206899
      },
      "Halo Effect + Status Quo Bias": {
        "precision": 0.6425061821937561,
        "recall": 0.6445883313814799,
        "f1": 0.6434393326441447
      },
      "Tragedy of the Commons + Nudge Theory": {
        "precision": 0.6305776635805765,
        "recall": 0.6579318046569824,
        "f1": 0.6438991030057272
      },
      "Opportunity Cost": {
        "precision": 0.6344169548579625,
        "recall": 0.6245095304080418,
        "f1": 0.6285057238170079
      },
      "Expected Value + Opportunity Cost": {
        "precision": 0.5721959471702576,
        "recall": 0.6373615264892578,
        "f1": 0.6030232906341553
      },
      "Fear of Missing Out": {
        "precision": 0.6888620853424072,
        "recall": 0.6345304747422537,
        "f1": 0.6594735781351725
      },
      "Overconfidence Bias": {
        "precision": 0.6729238118444171,
        "recall": 0.6165691699300494,
        "f1": 0.6428859659603664
      },
      "Fear of Missing Out + Overconfidence Bias": {
        "precision": 0.7418738007545471,
        "recall": 0.7334176301956177,
        "f1": 0.7376214265823364
      },
      "Risk-Reward Analysis": {
        "precision": 0.6480349798997244,
        "recall": 0.6506572067737579,
        "f1": 0.6487962504227957
      },
      "Risk-Reward Analysis + Opportunity Cost": {
        "precision": 0.6041539907455444,
        "recall": 0.6636581420898438,
        "f1": 0.6325096487998962
      },
      "Evidence-Based Decision Making": {
        "precision": 0.6704347946427085,
        "recall": 0.6348955793814226,
        "f1": 0.6511215188286521
      },