{
  "reference_type": "ground_truth",
  "metrics": {
    "overall": {
      "precision": 0.539715958138307,
      "recall": 0.6116385385394096,
      "f1": 0.5729953373471895
    },
    "by_model": {
      "": {
        "precision": 0.5417292763789495,
        "recall": 0.6080107589562734,
        "f1": 0.5728174448013306
      },
      "Affordability Heuristic": {
        "precision": 0.522510290145874,
        "recall": 0.5830593109130859,
        "f1": 0.5511267185211182
      },
      "Social Signaling": {
        "precision": 0.6175822019577026,
        "recall": 0.6275427341461182,
        "f1": 0.6225226521492004
      },
      "Affordability Heuristic + Social Signaling": {
        "precision": 0.5530954003334045,
        "recall": 0.5788719654083252,
        "f1": 0.5656902194023132
      },
      "Halo Effect": {
        "precision": 0.4890550971031189,
        "recall": 0.5264129638671875,
        "f1": 0.5070468187332153
      },
      "Present Bias": {
        "precision": 0.5453050136566162,
        "recall": 0.5793769955635071,
        "f1": 0.5618249773979187
      },
      "Halo Effect + Present Bias": {
        "precision": 0.4949173033237457,
        "recall": 0.5626366138458252,
        "f1": 0.5266088247299194
      },
      "Total Cost of Ownership": {
        "precision": 0.507556140422821,
        "recall": 0.6225362420082092,
        "f1": 0.559196949005127
      },
      "ROI Analysis": {
        "precision": 0.5074708461761475,
        "recall": 0.5714478492736816,
        "f1": 0.5375625491142273
      },
      "Total Cost of Ownership + ROI Analysis": {
        "precision": 0.5162232518196106,
        "recall": 0.5809190273284912,
        "f1": 0.5466637015342712
      },
      "Precautionary Principle": {
        "precision": 0.5859401822090149,
        "recall": 0.6379207372665405,
        "f1": 0.6108265519142151
      },
      "Marginal Value of Accuracy": {
        "precision": 0.5295035243034363,
        "recall": 0.6141564846038818,
        "f1": 0.5686969757080078
      },
      "Precautionary Principle + Marginal Value of Accuracy": {
        "precision": 0.5267260074615479,
        "recall": 0.5654829144477844,
        "f1": 0.5454168915748596
      },
      "Type I/II Errors": {
        "precision": 0.5711523294448853,
        "recall": 0.7007461786270142,
        "f1": 0.6293470859527588
      },
      "Confusion Matrix": {
        "precision": 0.5180237293243408,
        "recall": 0.6637086868286133,
        "f1": 0.5818861126899719
      },
      "Type I/II Errors + Confusion Matrix": {
        "precision": 0.5682244300842285,
        "recall": 0.6793457865715027,
        "f1": 0.6188362836837769
      },
      "Complementarity": {
        "precision": 0.5838320851325989,
        "recall": 0.6787573099136353,
        "f1": 0.6277262568473816
      },
      "Swiss Cheese Model": {
        "precision": 0.5388638973236084,
        "recall": 0.63035649061203,
        "f1": 0.5810304880142212
      },
      "Complementarity + Swiss Cheese Model": {
        "precision": 0.5268256068229675,
        "recall": 0.6279820799827576,
        "f1": 0.572973370552063
      }
    },
    "by_question_type": {
      "evaluative": {
        "precision": 0.5622775703668594,
        "recall": 0.5977877229452133,
        "f1": 0.5793087631464005
      },
      "explanatory": {
        "precision": 0.5088830813765526,
        "recall": 0.554527759552002,
        "f1": 0.5306392908096313
      },
      "prescriptive": {
        "precision": 0.5245983190834522,
        "recall": 0.6120453402400017,
        "f1": 0.5648509338498116
      },
      "normative": {
        "precision": 0.5595665276050568,
        "recall": 0.6196182817220688,
        "f1": 0.587943509221077
      },
      "descriptive": {
        "precision": 0.5583719313144684,
        "recall": 0.6738067865371704,
        "f1": 0.6103785932064056
      }
    },
    "by_difficulty": {
      "easy": {
        "precision": 0.539715958138307,
        "recall": 0.6116385385394096,
        "f1": 0.5729953373471895
      }
    }
  }
}