{
  "overall": {
    "precision": 0.5398126703997453,
    "recall": 0.6103047430515289,
    "f1": 0.5723903924226761
  },
  "by_model": {
    "": {
      "precision": 0.5527630647023519,
      "recall": 0.6042688687642416,
      "f1": 0.5769195457299551
    },
    "Affordability Heuristic": {
      "precision": 0.5288129448890686,
      "recall": 0.6136766076087952,
      "f1": 0.568092942237854
    },
    "Social Signaling": {
      "precision": 0.573107898235321,
      "recall": 0.6110644936561584,
      "f1": 0.5914778709411621
    },
    "Affordability Heuristic + Social Signaling": {
      "precision": 0.5715602040290833,
      "recall": 0.5873627662658691,
      "f1": 0.5793537497520447
    },
    "Halo Effect": {
      "precision": 0.5447732210159302,
      "recall": 0.6496171951293945,
      "f1": 0.5925936102867126
    },
    "Present Bias": {
      "precision": 0.49591270089149475,
      "recall": 0.542435884475708,
      "f1": 0.5181320905685425
    },
    "Halo Effect + Present Bias": {
      "precision": 0.499208003282547,
      "recall": 0.5531080961227417,
      "f1": 0.5247776508331299
    },
    "Total Cost of Ownership": {
      "precision": 0.5202242136001587,
      "recall": 0.645329475402832,
      "f1": 0.5760627388954163
    },
    "ROI Analysis": {
      "precision": 0.5029700398445129,
      "recall": 0.6143282651901245,
      "f1": 0.5530997514724731
    },
    "Total Cost of Ownership + ROI Analysis": {
      "precision": 0.4917219579219818,
      "recall": 0.5844740271568298,
      "f1": 0.534101128578186
    },
    "Precautionary Principle": {
      "precision": 0.5914886593818665,
      "recall": 0.6950898766517639,
      "f1": 0.6391180753707886
    },
    "Marginal Value of Accuracy": {
      "precision": 0.5385542511940002,
      "recall": 0.5691731572151184,
      "f1": 0.553440511226654
    },
    "Precautionary Principle + Marginal Value of Accuracy": {
      "precision": 0.5077565312385559,
      "recall": 0.5556948781013489,
      "f1": 0.5306451916694641
    },
    "Type I/II Errors": {
      "precision": 0.5243018269538879,
      "recall": 0.6023805141448975,
      "f1": 0.5606358051300049
    },
    "Confusion Matrix": {
      "precision": 0.5731545686721802,
      "recall": 0.6047244071960449,
      "f1": 0.5885164141654968
    },
    "Type I/II Errors + Confusion Matrix": {
      "precision": 0.5792405605316162,
      "recall": 0.7064141631126404,
      "f1": 0.636537492275238
    },
    "Complementarity": {
      "precision": 0.5569162368774414,
      "recall": 0.6478960514068604,
      "f1": 0.5989710688591003
    },
    "Swiss Cheese Model": {
      "precision": 0.5347195863723755,
      "recall": 0.631435751914978,
      "f1": 0.579067051410675
    },
    "Complementarity + Swiss Cheese Model": {
      "precision": 0.5045022964477539,
      "recall": 0.6074950098991394,
      "f1": 0.5512290000915527
    }
  },
  "by_question_type": {
    "evaluative": {
      "precision": 0.5699347108602524,
      "recall": 0.6092102527618408,
      "f1": 0.5885708332061768
    },
    "explanatory": {
      "precision": 0.5110011100769043,
      "recall": 0.5640370398759842,
      "f1": 0.5357571989297867
    },
    "prescriptive": {
      "precision": 0.5284223966300488,
      "recall": 0.6258950755000114,
      "f1": 0.5729312971234322
    },
    "normative": {
      "precision": 0.5468226075172424,
      "recall": 0.6002236604690552,
      "f1": 0.5719950646162033
    },
    "descriptive": {
      "precision": 0.5542728006839752,
      "recall": 0.6365673542022705,
      "f1": 0.5921566635370255
    }
  },
  "by_difficulty": {
    "easy": {
      "precision": 0.5398126703997453,
      "recall": 0.6103047430515289,
      "f1": 0.5723903924226761
    }
  }
}