{
  "reference_type": "ground_truth",
  "metrics": {
    "overall": {
      "precision": 0.6836388311768307,
      "recall": 0.6481589030218489,
      "f1": 0.664381336255838
    },
    "by_model": {
      "": {
        "precision": 0.6882510974661995,
        "recall": 0.6486213528017961,
        "f1": 0.6668469437206065
      },
      "Cost-Benefit Analysis": {
        "precision": 0.679458251505187,
        "recall": 0.6362339366566051,
        "f1": 0.6557282787380796
      },
      "Social Signaling": {
        "precision": 0.7265269458293915,
        "recall": 0.7380436062812805,
        "f1": 0.7318829894065857
      },
      "Cost-Benefit Analysis + Social Signaling": {
        "precision": 0.7316470146179199,
        "recall": 0.665641188621521,
        "f1": 0.6970850825309753
      },
      "Think hard prompt": {
        "precision": 0.6919840023717807,
        "recall": 0.649471212889402,
        "f1": 0.6691210065179198
      },
      "Halo Effect": {
        "precision": 0.6564227938652039,
        "recall": 0.6418795910748568,
        "f1": 0.6473092653534629
      },
      "Present Bias": {
        "precision": 0.6710163801908493,
        "recall": 0.6493104174733162,
        "f1": 0.6586271226406097
      },
      "Halo Effect + Present Bias": {
        "precision": 0.6399232149124146,
        "recall": 0.7019323706626892,
        "f1": 0.6694950461387634
      },
      "ROI Analysis": {
        "precision": 0.6596458355585734,
        "recall": 0.6572233935197195,
        "f1": 0.6582408746083578
      },
      "Cost-Benefit Analysis + ROI Analysis": {
        "precision": 0.60516357421875,
        "recall": 0.6720247268676758,
        "f1": 0.6368440389633179
      },
      "Bayesian Updating": {
        "precision": 0.6615795493125916,
        "recall": 0.6451947413958036,
        "f1": 0.6526026038023142
      },
      "Expected Value": {
        "precision": 0.6604279478391012,
        "recall": 0.6425740599632264,
        "f1": 0.6506825606028239
      },
      "Bayesian Updating + Expected Value": {
        "precision": 0.6628724382473872,
        "recall": 0.6503139871817368,
        "f1": 0.6560188348476703
      },
      "Tragedy of the Commons": {
        "precision": 0.6950823068618774,
        "recall": 0.6377299590544268,
        "f1": 0.66420593586835
      },
      "Present Bias + Tragedy of the Commons": {
        "precision": 0.6418371796607971,
        "recall": 0.7018229365348816,
        "f1": 0.6704910397529602
      },
      "Base Rate Fallacy": {
        "precision": 0.6926546096801758,
        "recall": 0.7371388673782349,
        "f1": 0.714204728603363
      },
      "Risk Compensation": {
        "precision": 0.6757774353027344,
        "recall": 0.7161384224891663,
        "f1": 0.6953728199005127
      },
      "Base Rate Fallacy + Risk Compensation": {
        "precision": 0.6903820037841797,
        "recall": 0.6950457692146301,
        "f1": 0.6927061080932617
      },
      "Nudge Theory": {
        "precision": 0.6661040612629482,
        "recall": 0.672227850982121,
        "f1": 0.6688865167754037
      },
      "Nudge Theory + Present Bias": {
        "precision": 0.6442513465881348,
        "recall": 0.6604294180870056,
        "f1": 0.6522400379180908
      },
      "Risk Assessment": {
        "precision": 0.688620534810153,
        "recall": 0.6392235403711145,
        "f1": 0.6623393486846577
      },
      "Present Bias + Risk Assessment": {
        "precision": 0.7294044494628906,
        "recall": 0.7535858750343323,
        "f1": 0.7412980794906616
      },
      "Change Management": {
        "precision": 0.7159331355776105,
        "recall": 0.7029004182134356,
        "f1": 0.7089582341057914
      },
      "Cost-Benefit Analysis + Change Management": {
        "precision": 0.6844586730003357,
        "recall": 0.7321614921092987,
        "f1": 0.706559956073761
      },
      "Status Quo Bias": {
        "precision": 0.6589144553456988,
        "recall": 0.6548269050461906,
        "f1": 0.655918572630201
      },
      "Cost-Benefit Analysis + Status Quo Bias": {
        "precision": 0.5961483716964722,
        "recall": 0.6307204961776733,
        "f1": 0.6129473447799683
      },
      "Systems Thinking": {
        "precision": 0.6858877266446749,
        "recall": 0.6490968391299248,
        "f1": 0.6655564084649086
      },
      "Systems Thinking + Halo Effect": {
        "precision": 0.6261029243469238,
        "recall": 0.6939120292663574,
        "f1": 0.6580443580945333
      },
      "Risk Aversion": {
        "precision": 0.6801932230591774,
        "recall": 0.656635008752346,
        "f1": 0.6680088639259338
      },
      "Productivity Analysis": {
        "precision": 0.6987680494785309,
        "recall": 0.6518391370773315,
        "f1": 0.6742810606956482
      },
      "Risk Aversion + Productivity Analysis": {
        "precision": 0.6631603240966797,
        "recall": 0.6427086591720581,
        "f1": 0.6527459025382996
      },
      "Systems Thinking + Cost-Benefit Analysis": {
        "precision": 0.6781875938177109,
        "recall": 0.656010128557682,
        "f1": 0.6655915379524231
      },
      "Cost-Benefit Analysis + Systems Thinking": {
        "precision": 0.6638834277788798,
        "recall": 0.6383474469184875,
        "f1": 0.6502565542856852
      },
      "Stakeholder Engagement": {
        "precision": 0.6914312243461609,
        "recall": 0.6520037121242948,
        "f1": 0.670676052570343
      },
      "Change Management + Stakeholder Engagement": {
        "precision": 0.6817039450009664,
        "recall": 0.6408074299494425,
        "f1": 0.6605714758237203
      },
      "Risk Assessment + Status Quo Bias": {
        "precision": 0.6656063397725424,
        "recall": 0.6453495025634766,
        "f1": 0.6552086472511292
      },
      "Nudge Theory + Risk Assessment": {
        "precision": 0.6915699442227682,
        "recall": 0.6676873962084452,
        "f1": 0.6793606479962667
      },
      "ROI Analysis + Risk Aversion": {
        "precision": 0.6706909775733948,
        "recall": 0.6496124982833862,
        "f1": 0.6598292112350463
      },
      "Stakeholder Engagement + Systems Thinking": {
        "precision": 0.6804936726888021,
        "recall": 0.6663785775502523,
        "f1": 0.6733027696609497
      },
      "Halo Effect + Status Quo Bias": {
        "precision": 0.66444993019104,
        "recall": 0.6802042921384176,
        "f1": 0.6718423763910929
      },
      "Tragedy of the Commons + Nudge Theory": {
        "precision": 0.6551924149195353,
        "recall": 0.6491254965464274,
        "f1": 0.6521073977152506
      },
      "Opportunity Cost": {
        "precision": 0.6545174632753644,
        "recall": 0.6463332601955959,
        "f1": 0.6494579655783517
      },
      "Expected Value + Opportunity Cost": {
        "precision": 0.6548172831535339,
        "recall": 0.6181262731552124,
        "f1": 0.6359429955482483
      },
      "Fear of Missing Out": {
        "precision": 0.6855351428190867,
        "recall": 0.6419733762741089,
        "f1": 0.6619113783041636
      },
      "Overconfidence Bias": {
        "precision": 0.7093223418508258,
        "recall": 0.6551972712789264,
        "f1": 0.6797562497002738
      },
      "Fear of Missing Out + Overconfidence Bias": {
        "precision": 0.7374637126922607,
        "recall": 0.7475427389144897,
        "f1": 0.7424690127372742
      },
      "Risk-Reward Analysis": {
        "precision": 0.660962720712026,
        "recall": 0.6521062354246775,
        "f1": 0.6557528674602509
      },
      "Risk-Reward Analysis + Opportunity Cost": {
        "precision": 0.6213114261627197,
        "recall": 0.6777102947235107,
        "f1": 0.6482865214347839
      },
      "Evidence-Based Decision Making": {
        "precision": 0.6971952048214999,
        "recall": 0.6326377120884982,
        "f1": 0.6627780524167147
      },