{
  "reference_type": "ground_truth",
  "metrics": {
    "overall": {
      "precision": 0.6709225903940564,
      "recall": 0.6566121696515848,
      "f1": 0.6626343015496058
    },
    "by_model": {
      "": {
        "precision": 0.6931360755257934,
        "recall": 0.666415348307777,
        "f1": 0.6786294929853832
      },
      "Cost-Benefit Analysis": {
        "precision": 0.6724719332926201,
        "recall": 0.6566811294266672,
        "f1": 0.663339067589153
      },
      "Social Signaling": {
        "precision": 0.6024765372276306,
        "recall": 0.6362124085426331,
        "f1": 0.6188441812992096
      },
      "Cost-Benefit Analysis + Social Signaling": {
        "precision": 0.7277885675430298,
        "recall": 0.753242552280426,
        "f1": 0.7402967810630798
      },
      "Think hard prompt": {
        "precision": 0.69546999503638,
        "recall": 0.65740130511859,
        "f1": 0.6748813982228287
      },
      "Halo Effect": {
        "precision": 0.6288822293281555,
        "recall": 0.6346627311273054,
        "f1": 0.6302604187618602
      },
      "Present Bias": {
        "precision": 0.6209996864199638,
        "recall": 0.6373996436595917,
        "f1": 0.6276981458067894
      },
      "Halo Effect + Present Bias": {
        "precision": 0.6140319108963013,
        "recall": 0.6389451026916504,
        "f1": 0.6262407898902893
      },
      "ROI Analysis": {
        "precision": 0.6083219051361084,
        "recall": 0.6444125274817148,
        "f1": 0.6255648036797842
      },
      "Cost-Benefit Analysis + ROI Analysis": {
        "precision": 0.6361610889434814,
        "recall": 0.7202101945877075,
        "f1": 0.6755815148353577
      },
      "Bayesian Updating": {
        "precision": 0.632089587358328,
        "recall": 0.6562789999521695,
        "f1": 0.6437722077736487
      },
      "Expected Value": {
        "precision": 0.643522588411967,
        "recall": 0.6645374695460001,
        "f1": 0.653652799129486
      },
      "Bayesian Updating + Expected Value": {
        "precision": 0.618104677933913,
        "recall": 0.6388915547957787,
        "f1": 0.627946491424854
      },
      "Tragedy of the Commons": {
        "precision": 0.6634943051771685,
        "recall": 0.6271066665649414,
        "f1": 0.6438799175349149
      },
      "Present Bias + Tragedy of the Commons": {
        "precision": 0.5719884037971497,
        "recall": 0.6298235654830933,
        "f1": 0.599514365196228
      },
      "Base Rate Fallacy": {
        "precision": 0.6054254770278931,
        "recall": 0.6497586369514465,
        "f1": 0.6268091201782227
      },
      "Risk Compensation": {
        "precision": 0.6734632253646851,
        "recall": 0.7356340289115906,
        "f1": 0.7031770944595337
      },
      "Base Rate Fallacy + Risk Compensation": {
        "precision": 0.6495538353919983,
        "recall": 0.7424865365028381,
        "f1": 0.692918062210083
      },
      "Nudge Theory": {
        "precision": 0.6423066258430481,
        "recall": 0.6676698582512992,
        "f1": 0.6545458946909223
      },
      "Nudge Theory + Present Bias": {
        "precision": 0.6077192425727844,
        "recall": 0.6410912275314331,
        "f1": 0.6239593029022217
      },
      "Risk Assessment": {
        "precision": 0.6785875883969393,
        "recall": 0.6526855555447665,
        "f1": 0.6647912507707422
      },
      "Present Bias + Risk Assessment": {
        "precision": 0.6835519075393677,
        "recall": 0.7053099870681763,
        "f1": 0.6942605376243591
      },
      "Change Management": {
        "precision": 0.698204619543893,
        "recall": 0.7262051701545715,
        "f1": 0.7113440717969622
      },
      "Cost-Benefit Analysis + Change Management": {
        "precision": 0.7005770057439804,
        "recall": 0.75130695104599,
        "f1": 0.7250489741563797
      },
      "Status Quo Bias": {
        "precision": 0.6210945078304836,
        "recall": 0.6467744537762233,
        "f1": 0.6333383321762085
      },
      "Cost-Benefit Analysis + Status Quo Bias": {
        "precision": 0.4957732558250427,
        "recall": 0.60037761926651,
        "f1": 0.5430843234062195
      },
      "Systems Thinking": {
        "precision": 0.6491703266898791,
        "recall": 0.6483974655469259,
        "f1": 0.6477600410580635
      },
      "Systems Thinking + Halo Effect": {
        "precision": 0.623449961344401,
        "recall": 0.6946325103441874,
        "f1": 0.6570910414059957
      },
      "Risk Aversion": {
        "precision": 0.656145341694355,
        "recall": 0.6589962244033813,
        "f1": 0.6574139893054962
      },
      "Productivity Analysis": {
        "precision": 0.6356467306613922,
        "recall": 0.6735257804393768,
        "f1": 0.6539649367332458
      },
      "Risk Aversion + Productivity Analysis": {
        "precision": 0.6757080256938934,
        "recall": 0.6899649202823639,
        "f1": 0.682735800743103
      },
      "Systems Thinking + Cost-Benefit Analysis": {
        "precision": 0.6625060960650444,
        "recall": 0.6702252775430679,
        "f1": 0.6655806079506874
      },
      "Cost-Benefit Analysis + Systems Thinking": {
        "precision": 0.633963406085968,
        "recall": 0.6443445483843485,
        "f1": 0.639086902141571
      },
      "Stakeholder Engagement": {
        "precision": 0.6813932723469205,
        "recall": 0.6637412905693054,
        "f1": 0.6718128389782376
      },
      "Change Management + Stakeholder Engagement": {
        "precision": 0.6790845592816671,
        "recall": 0.6556175351142883,
        "f1": 0.666939914226532
      },
      "Risk Assessment + Status Quo Bias": {
        "precision": 0.6492180824279785,
        "recall": 0.644153912862142,
        "f1": 0.6465205550193787
      },
      "Nudge Theory + Risk Assessment": {
        "precision": 0.6714703838030497,
        "recall": 0.6997628211975098,
        "f1": 0.6851489742596945
      },
      "ROI Analysis + Risk Aversion": {
        "precision": 0.598621928691864,
        "recall": 0.6280399560928345,
        "f1": 0.612791121006012
      },
      "Stakeholder Engagement + Systems Thinking": {
        "precision": 0.63894651333491,
        "recall": 0.676215668519338,
        "f1": 0.6570376952489217
      },
      "Halo Effect + Status Quo Bias": {
        "precision": 0.6188907623291016,
        "recall": 0.658188541730245,
        "f1": 0.6378404100735983
      },
      "Tragedy of the Commons + Nudge Theory": {
        "precision": 0.6046416958173116,
        "recall": 0.6539897918701172,
        "f1": 0.6281628211339315
      },
      "Opportunity Cost": {
        "precision": 0.6391315119607108,
        "recall": 0.6619206922394889,
        "f1": 0.648749760219029
      },
      "Expected Value + Opportunity Cost": {
        "precision": 0.6234666109085083,
        "recall": 0.6517031788825989,
        "f1": 0.6372722387313843
      },
      "Fear of Missing Out": {
        "precision": 0.6967157224814097,
        "recall": 0.646468997001648,
        "f1": 0.6699872414271036
      },
      "Overconfidence Bias": {
        "precision": 0.6604775445801871,
        "recall": 0.6357019713946751,
        "f1": 0.6469453956399646
      },
      "Fear of Missing Out + Overconfidence Bias": {
        "precision": 0.6813819408416748,
        "recall": 0.7094561457633972,
        "f1": 0.6951356530189514
      },
      "Risk-Reward Analysis": {
        "precision": 0.6666524310906728,
        "recall": 0.6887969374656677,
        "f1": 0.6769737601280212
      },
      "Risk-Reward Analysis + Opportunity Cost": {
        "precision": 0.5950039029121399,
        "recall": 0.7097026109695435,
        "f1": 0.6473115682601929
      },
      "Evidence-Based Decision Making": {
        "precision": 0.657923086123033,
        "recall": 0.6336774826049805,
        "f1": 0.6447044610977173
      },