{
  "reference_type": "ground_truth",
  "metrics": {
    "overall": {
      "precision": 0.6819083297252655,
      "recall": 0.6026637005805969,
      "f1": 0.6396610850095749
    },
    "by_model": {
      "": {
        "precision": 0.6936101704835892,
        "recall": 0.6049859970808029,
        "f1": 0.6461012721061706
      },
      "Risk Assessment": {
        "precision": 0.6744338274002075,
        "recall": 0.6177837550640106,
        "f1": 0.6447646766901016
      },
      "Cost-Benefit Analysis": {
        "precision": 0.672196552157402,
        "recall": 0.6035327017307281,
        "f1": 0.6358881741762161
      },
      "Risk Assessment + Cost-Benefit Analysis": {
        "precision": 0.664053812623024,
        "recall": 0.6038111299276352,
        "f1": 0.6324401646852493
      },
      "Think hard prompt": {
        "precision": 0.6949427634477615,
        "recall": 0.6007865279912948,
        "f1": 0.6442719906568527
      },
      "Short-Term vs. Long-Term": {
        "precision": 0.6891159415245056,
        "recall": 0.6081183701753616,
        "f1": 0.6459523439407349
      },
      "Systems Thinking": {
        "precision": 0.6828274875879288,
        "recall": 0.6011923849582672,
        "f1": 0.6392911374568939
      },
      "Short-Term vs. Long-Term + Systems Thinking": {
        "precision": 0.6867792159318924,
        "recall": 0.6092151701450348,
        "f1": 0.6455810815095901
      },
      "Fear of Missing Out": {
        "precision": 0.6842124909162521,
        "recall": 0.6044037789106369,
        "f1": 0.641796812415123
      },
      "Halo Effect": {
        "precision": 0.6756074875593185,
        "recall": 0.6036246418952942,
        "f1": 0.6374528557062149
      },
      "Fear of Missing Out + Halo Effect": {
        "precision": 0.67626091837883,
        "recall": 0.5960154831409454,
        "f1": 0.6335402131080627
      },
      "Risk Diversification": {
        "precision": 0.6748722195625305,
        "recall": 0.6013408452272415,
        "f1": 0.6357834190130234
      },
      "Tragedy of the Commons": {
        "precision": 0.6844945400953293,
        "recall": 0.6162317544221878,
        "f1": 0.6483581215143204
      },
      "Risk Diversification + Tragedy of the Commons": {
        "precision": 0.6588027328252792,
        "recall": 0.5973985195159912,
        "f1": 0.6265788525342941
      },
      "Overconfidence Bias": {
        "precision": 0.64435975253582,
        "recall": 0.5805668979883194,
        "f1": 0.6106601059436798
      },
      "Evidence-Based Decision Making": {
        "precision": 0.6598261296749115,
        "recall": 0.5918809175491333,
        "f1": 0.6239333003759384
      },
      "Overconfidence Bias + Evidence-Based Decision Making": {
        "precision": 0.6771004647016525,
        "recall": 0.6026135385036469,
        "f1": 0.6376395523548126
      }
    },
    "by_question_type": {
      "evaluative": {
        "precision": 0.6806242489814758,
        "recall": 0.6049720144271851,
        "f1": 0.6403604459762573
      },
      "normative": {
        "precision": 0.6704888772964478,
        "recall": 0.5893323612213135,
        "f1": 0.627089958190918
      },
      "prescriptive": {
        "precision": 0.7126851892471313,
        "recall": 0.6287843823432923,
        "f1": 0.6679429769515991
      },
      "explanatory": {
        "precision": 0.6638350033760071,
        "recall": 0.5875660443305969,
        "f1": 0.6232509589195252
      }
    },
    "by_difficulty": {
      "hard": {
        "precision": 0.6819083297252655,
        "recall": 0.6026637005805969,
        "f1": 0.6396610850095749
      }
    }
  }
}