{
  "reference_type": "ground_truth",
  "metrics": {
    "overall": {
      "precision": 0.668351882650652,
      "recall": 0.6503701498490253,
      "f1": 0.6581649769353503
    },
    "by_model": {
      "": {
        "precision": 0.6808465396174948,
        "recall": 0.6524253096289307,
        "f1": 0.6653764684691684
      },
      "Cost-Benefit Analysis": {
        "precision": 0.6758500120856545,
        "recall": 0.6528589888052507,
        "f1": 0.6628100709481672
      },
      "Social Signaling": {
        "precision": 0.638616532087326,
        "recall": 0.6696285605430603,
        "f1": 0.6537121534347534
      },
      "Cost-Benefit Analysis + Social Signaling": {
        "precision": 0.8081084489822388,
        "recall": 0.782195508480072,
        "f1": 0.7949408888816833
      },
      "Think hard prompt": {
        "precision": 0.680380063202545,
        "recall": 0.6523875817087771,
        "f1": 0.665128975879145
      },
      "Halo Effect": {
        "precision": 0.6372270638292487,
        "recall": 0.6468772237951105,
        "f1": 0.640363259748979
      },
      "Present Bias": {
        "precision": 0.6550954133272171,
        "recall": 0.6654884368181229,
        "f1": 0.6585258990526199
      },
      "Halo Effect + Present Bias": {
        "precision": 0.625069260597229,
        "recall": 0.7119136452674866,
        "f1": 0.6656709313392639
      },
      "ROI Analysis": {
        "precision": 0.6071439286073049,
        "recall": 0.6475122769673666,
        "f1": 0.626430998245875
      },
      "Cost-Benefit Analysis + ROI Analysis": {
        "precision": 0.6545342803001404,
        "recall": 0.7154390811920166,
        "f1": 0.6836327910423279
      },
      "Bayesian Updating": {
        "precision": 0.6261456425373371,
        "recall": 0.6313988199600806,
        "f1": 0.6283558928049527
      },
      "Expected Value": {
        "precision": 0.6529946804046631,
        "recall": 0.6598026474316915,
        "f1": 0.6559178709983826
      },
      "Bayesian Updating + Expected Value": {
        "precision": 0.6320648376758282,
        "recall": 0.6365174284348121,
        "f1": 0.6340758846356318
      },
      "Tragedy of the Commons": {
        "precision": 0.6690342859788374,
        "recall": 0.646388211033561,
        "f1": 0.6567067937417463
      },
      "Present Bias + Tragedy of the Commons": {
        "precision": 0.6148068904876709,
        "recall": 0.6706120371818542,
        "f1": 0.6414980292320251
      },
      "Base Rate Fallacy": {
        "precision": 0.609838604927063,
        "recall": 0.6525494456291199,
        "f1": 0.6304715275764465
      },
      "Risk Compensation": {
        "precision": 0.676931619644165,
        "recall": 0.7191566228866577,
        "f1": 0.6974055767059326
      },
      "Base Rate Fallacy + Risk Compensation": {
        "precision": 0.6292833685874939,
        "recall": 0.6939516663551331,
        "f1": 0.6600372791290283
      },
      "Nudge Theory": {
        "precision": 0.6424987060683114,
        "recall": 0.6561535852296012,
        "f1": 0.6490767172404698
      },
      "Nudge Theory + Present Bias": {
        "precision": 0.6129043102264404,
        "recall": 0.6533529758453369,
        "f1": 0.632482647895813
      },
      "Risk Assessment": {
        "precision": 0.6764172505248677,
        "recall": 0.646467154676264,
        "f1": 0.6604108593680642
      },
      "Present Bias + Risk Assessment": {
        "precision": 0.6755867004394531,
        "recall": 0.7493129968643188,
        "f1": 0.7105425000190735
      },
      "Change Management": {
        "precision": 0.6982420768056598,
        "recall": 0.7225899781499591,
        "f1": 0.7097782152039664
      },
      "Cost-Benefit Analysis + Change Management": {
        "precision": 0.6954409182071686,
        "recall": 0.7446367144584656,
        "f1": 0.7191515117883682
      },
      "Status Quo Bias": {
        "precision": 0.6618959903717041,
        "recall": 0.6657430103846959,
        "f1": 0.6630231738090515
      },
      "Cost-Benefit Analysis + Status Quo Bias": {
        "precision": 0.556583046913147,
        "recall": 0.6548275947570801,
        "f1": 0.6017215847969055
      },
      "Systems Thinking": {
        "precision": 0.6571020980676016,
        "recall": 0.6365397746364275,
        "f1": 0.6451898043354353
      },
      "Systems Thinking + Halo Effect": {
        "precision": 0.6115596493085226,
        "recall": 0.6823464632034302,
        "f1": 0.6448596517244974
      },
      "Risk Aversion": {
        "precision": 0.650228813290596,
        "recall": 0.649643562734127,
        "f1": 0.6498032882809639
      },
      "Productivity Analysis": {
        "precision": 0.7070052027702332,
        "recall": 0.6956950724124908,
        "f1": 0.7012906074523926
      },
      "Risk Aversion + Productivity Analysis": {
        "precision": 0.7166416645050049,
        "recall": 0.7044759392738342,
        "f1": 0.7104746699333191
      },
      "Systems Thinking + Cost-Benefit Analysis": {
        "precision": 0.6541165709495544,
        "recall": 0.6393732130527496,
        "f1": 0.645815022289753
      },
      "Cost-Benefit Analysis + Systems Thinking": {
        "precision": 0.6269297401110331,
        "recall": 0.6303205887476603,
        "f1": 0.6285953919092814
      },
      "Stakeholder Engagement": {
        "precision": 0.6767836411794027,
        "recall": 0.6622462206416659,
        "f1": 0.6690064734882779
      },
      "Change Management + Stakeholder Engagement": {
        "precision": 0.6453829209009806,
        "recall": 0.6269109845161438,
        "f1": 0.6358949343363444
      },
      "Risk Assessment + Status Quo Bias": {
        "precision": 0.6575387120246887,
        "recall": 0.6397571365038554,
        "f1": 0.6480772097905477
      },
      "Nudge Theory + Risk Assessment": {
        "precision": 0.6960631608963013,
        "recall": 0.6869914730389913,
        "f1": 0.6914894580841064
      },
      "ROI Analysis + Risk Aversion": {
        "precision": 0.655694055557251,
        "recall": 0.6605867266654968,
        "f1": 0.6580209970474243
      },
      "Stakeholder Engagement + Systems Thinking": {
        "precision": 0.6680213411649069,
        "recall": 0.6671436429023743,
        "f1": 0.6673999627431234
      },
      "Halo Effect + Status Quo Bias": {
        "precision": 0.6753984093666077,
        "recall": 0.6912789344787598,
        "f1": 0.6831837296485901
      },
      "Tragedy of the Commons + Nudge Theory": {
        "precision": 0.6393313010533651,
        "recall": 0.6504363616307577,
        "f1": 0.6447750727335612
      },
      "Opportunity Cost": {
        "precision": 0.651640670640128,
        "recall": 0.652972800391061,
        "f1": 0.6510185599327087
      },
      "Expected Value + Opportunity Cost": {
        "precision": 0.5797159671783447,
        "recall": 0.6121804118156433,
        "f1": 0.5955060124397278
      },
      "Fear of Missing Out": {
        "precision": 0.661258320013682,
        "recall": 0.6328207552433014,
        "f1": 0.6450176239013672
      },
      "Overconfidence Bias": {
        "precision": 0.6650720707007817,
        "recall": 0.6354485409600394,
        "f1": 0.6484835020133427
      },
      "Fear of Missing Out + Overconfidence Bias": {
        "precision": 0.6695853471755981,
        "recall": 0.7029659748077393,
        "f1": 0.6858697533607483
      },
      "Risk-Reward Analysis": {
        "precision": 0.6486537456512451,
        "recall": 0.6706855495770773,
        "f1": 0.6587923665841421
      },
      "Risk-Reward Analysis + Opportunity Cost": {
        "precision": 0.6420513987541199,
        "recall": 0.7051151990890503,
        "f1": 0.6721072196960449
      },
      "Evidence-Based Decision Making": {
        "precision": 0.6733397191221063,
        "recall": 0.6289874098517678,
        "f1": 0.6491742459210482
      },